max_kicks,bucket_size,slots,trial,fail_load
500,1,1024,0,0.57324
500,1,1024,1,0.56055
500,1,1024,2,0.60547
500,1,1024,3,0.62207
500,1,1024,4,0.58984
500,1,1024,5,0.57031
500,1,1024,6,0.56250
500,1,1024,7,0.58008
500,1,1024,8,0.60449
500,1,1024,9,0.59180
500,1,1024,10,0.61621
500,1,1024,11,0.60156
500,1,1024,12,0.50684
500,1,1024,13,0.57129
500,1,1024,14,0.57715
500,1,1024,15,0.60742
500,1,1024,16,0.55078
500,1,1024,17,0.58301
500,1,1024,18,0.62109
500,1,1024,19,0.59277
500,1,1024,20,0.55957
500,1,1024,21,0.60742
500,1,1024,22,0.56738
500,1,1024,23,0.50391
500,1,1024,24,0.61621
500,1,1024,25,0.56738
500,1,1024,26,0.60156
500,1,1024,27,0.59668
500,1,1024,28,0.57910
500,1,1024,29,0.61816
500,1,1024,30,0.60254
500,1,1024,31,0.47656
500,1,1024,32,0.53711
500,1,1024,33,0.57910
500,1,1024,34,0.45605
500,1,1024,35,0.59180
500,1,1024,36,0.55859
500,1,1024,37,0.57617
500,1,1024,38,0.49512
500,1,1024,39,0.58203
500,1,16384,0,0.48468
500,1,16384,1,0.50623
500,1,16384,2,0.53766
500,1,16384,3,0.52002
500,1,16384,4,0.54578
500,1,16384,5,0.52173
500,1,16384,6,0.52368
500,1,16384,7,0.50110
500,1,16384,8,0.49567
500,1,16384,9,0.51385
500,1,16384,10,0.50330
500,1,16384,11,0.49280
500,1,16384,12,0.54022
500,1,16384,13,0.52917
500,1,16384,14,0.49316
500,1,16384,15,0.52057
500,1,16384,16,0.52490
500,1,16384,17,0.53436
500,1,16384,18,0.52423
500,1,16384,19,0.51892
500,1,16384,20,0.51160
500,1,16384,21,0.50525
500,1,16384,22,0.53088
500,1,16384,23,0.50537
500,1,16384,24,0.51276
500,1,16384,25,0.49664
500,1,16384,26,0.52155
500,1,16384,27,0.50873
500,1,16384,28,0.50323
500,1,16384,29,0.50970
500,1,16384,30,0.51801
500,1,16384,31,0.54596
500,1,16384,32,0.55042
500,1,16384,33,0.52161
500,1,16384,34,0.52167
500,1,16384,35,0.55823
500,1,16384,36,0.53625
500,1,16384,37,0.51843
500,1,16384,38,0.52411
500,1,16384,39,0.52167
500,1,262144,0,0.50105
500,1,262144,1,0.50982
500,1,262144,2,0.51158
500,1,262144,3,0.51542
500,1,262144,4,0.50634
500,1,262144,5,0.50424
500,1,262144,6,0.50570
500,1,262144,7,0.51352
500,1,262144,8,0.51530
500,1,262144,9,0.51334
500,1,262144,10,0.51908
500,1,262144,11,0.50496
500,1,262144,12,0.50677
500,1,262144,13,0.50853
500,1,262144,14,0.50998
500,1,262144,15,0.51805
500,1,262144,16,0.50366
500,1,262144,17,0.50575
500,1,262144,18,0.50249
500,1,262144,19,0.51673
500,1,262144,20,0.50473
500,1,262144,21,0.51101
500,1,262144,22,0.51279
500,1,262144,23,0.50836
500,1,262144,24,0.51929
500,1,262144,25,0.50700
500,1,262144,26,0.49706
500,1,262144,27,0.50067
500,1,262144,28,0.50885
500,1,262144,29,0.49751
500,1,262144,30,0.50984
500,1,262144,31,0.50747
500,1,262144,32,0.51084
500,1,262144,33,0.51168
500,1,262144,34,0.48807
500,1,262144,35,0.50500
500,1,262144,36,0.51918
500,1,262144,37,0.50648
500,1,262144,38,0.50987
500,1,262144,39,0.50335
500,2,1024,0,0.88867
500,2,1024,1,0.89746
500,2,1024,2,0.85449
500,2,1024,3,0.84961
500,2,1024,4,0.88477
500,2,1024,5,0.88086
500,2,1024,6,0.87793
500,2,1024,7,0.88281
500,2,1024,8,0.85449
500,2,1024,9,0.90137
500,2,1024,10,0.88672
500,2,1024,11,0.90527
500,2,1024,12,0.87988
500,2,1024,13,0.87402
500,2,1024,14,0.86914
500,2,1024,15,0.88477
500,2,1024,16,0.87793
500,2,1024,17,0.89355
500,2,1024,18,0.88281
500,2,1024,19,0.86523
500,2,1024,20,0.88965
500,2,1024,21,0.88867
500,2,1024,22,0.88086
500,2,1024,23,0.86719
500,2,1024,24,0.91504
500,2,1024,25,0.88672
500,2,1024,26,0.86719
500,2,1024,27,0.89941
500,2,1024,28,0.90430
500,2,1024,29,0.88379
500,2,1024,30,0.90430
500,2,1024,31,0.88184
500,2,1024,32,0.87109
500,2,1024,33,0.90430
500,2,1024,34,0.87402
500,2,1024,35,0.89941
500,2,1024,36,0.88477
500,2,1024,37,0.90234
500,2,1024,38,0.85254
500,2,1024,39,0.90234
500,2,16384,0,0.88116
500,2,16384,1,0.87549
500,2,16384,2,0.87592
500,2,16384,3,0.86749
500,2,16384,4,0.88727
500,2,16384,5,0.88110
500,2,16384,6,0.87738
500,2,16384,7,0.87823
500,2,16384,8,0.88477
500,2,16384,9,0.87146
500,2,16384,10,0.87366
500,2,16384,11,0.87433
500,2,16384,12,0.88007
500,2,16384,13,0.87939
500,2,16384,14,0.89056
500,2,16384,15,0.87506
500,2,16384,16,0.88245
500,2,16384,17,0.87854
500,2,16384,18,0.88556
500,2,16384,19,0.87878
500,2,16384,20,0.86499
500,2,16384,21,0.87976
500,2,16384,22,0.88184
500,2,16384,23,0.87384
500,2,16384,24,0.87561
500,2,16384,25,0.87500
500,2,16384,26,0.88513
500,2,16384,27,0.87225
500,2,16384,28,0.89185
500,2,16384,29,0.88562
500,2,16384,30,0.88171
500,2,16384,31,0.88324
500,2,16384,32,0.88013
500,2,16384,33,0.88910
500,2,16384,34,0.87805
500,2,16384,35,0.88879
500,2,16384,36,0.87939
500,2,16384,37,0.88672
500,2,16384,38,0.88409
500,2,16384,39,0.88153
500,2,262144,0,0.87275
500,2,262144,1,0.87360
500,2,262144,2,0.87741
500,2,262144,3,0.87523
500,2,262144,4,0.87280
500,2,262144,5,0.87429
500,2,262144,6,0.87376
500,2,262144,7,0.87340
500,2,262144,8,0.87592
500,2,262144,9,0.86817
500,2,262144,10,0.87540
500,2,262144,11,0.87486
500,2,262144,12,0.87654
500,2,262144,13,0.87358
500,2,262144,14,0.87543
500,2,262144,15,0.87453
500,2,262144,16,0.87568
500,2,262144,17,0.87063
500,2,262144,18,0.86729
500,2,262144,19,0.87300
500,2,262144,20,0.87128
500,2,262144,21,0.86934
500,2,262144,22,0.86816
500,2,262144,23,0.87749
500,2,262144,24,0.87449
500,2,262144,25,0.87122
500,2,262144,26,0.87614
500,2,262144,27,0.87312
500,2,262144,28,0.87659
500,2,262144,29,0.87337
500,2,262144,30,0.87612
500,2,262144,31,0.87110
500,2,262144,32,0.87439
500,2,262144,33,0.87529
500,2,262144,34,0.87023
500,2,262144,35,0.86926
500,2,262144,36,0.87385
500,2,262144,37,0.87250
500,2,262144,38,0.87246
500,2,262144,39,0.87291
500,4,1024,0,0.97949
500,4,1024,1,0.96680
500,4,1024,2,0.97754
500,4,1024,3,0.97363
500,4,1024,4,0.98926
500,4,1024,5,0.96582
500,4,1024,6,0.97559
500,4,1024,7,0.97656
500,4,1024,8,0.98340
500,4,1024,9,0.96484
500,4,1024,10,0.97656
500,4,1024,11,0.97363
500,4,1024,12,0.96875
500,4,1024,13,0.96289
500,4,1024,14,0.96777
500,4,1024,15,0.96973
500,4,1024,16,0.97266
500,4,1024,17,0.98535
500,4,1024,18,0.97559
500,4,1024,19,0.97363
500,4,1024,20,0.97266
500,4,1024,21,0.97852
500,4,1024,22,0.97070
500,4,1024,23,0.98535
500,4,1024,24,0.97949
500,4,1024,25,0.96387
500,4,1024,26,0.98242
500,4,1024,27,0.97852
500,4,1024,28,0.97266
500,4,1024,29,0.98242
500,4,1024,30,0.97852
500,4,1024,31,0.97949
500,4,1024,32,0.97070
500,4,1024,33,0.97070
500,4,1024,34,0.97168
500,4,1024,35,0.98047
500,4,1024,36,0.97168
500,4,1024,37,0.97949
500,4,1024,38,0.97754
500,4,1024,39,0.96387
500,4,16384,0,0.96814
500,4,16384,1,0.97650
500,4,16384,2,0.96857
500,4,16384,3,0.96863
500,4,16384,4,0.97107
500,4,16384,5,0.96820
500,4,16384,6,0.97003
500,4,16384,7,0.97137
500,4,16384,8,0.97162
500,4,16384,9,0.95972
500,4,16384,10,0.97174
500,4,16384,11,0.96906
500,4,16384,12,0.96918
500,4,16384,13,0.97345
500,4,16384,14,0.97009
500,4,16384,15,0.96606
500,4,16384,16,0.96667
500,4,16384,17,0.97266
500,4,16384,18,0.96985
500,4,16384,19,0.96600
500,4,16384,20,0.97174
500,4,16384,21,0.96954
500,4,16384,22,0.96887
500,4,16384,23,0.97113
500,4,16384,24,0.96844
500,4,16384,25,0.96191
500,4,16384,26,0.97418
500,4,16384,27,0.96716
500,4,16384,28,0.96838
500,4,16384,29,0.97345
500,4,16384,30,0.96722
500,4,16384,31,0.97253
500,4,16384,32,0.97168
500,4,16384,33,0.96912
500,4,16384,34,0.96729
500,4,16384,35,0.96930
500,4,16384,36,0.97021
500,4,16384,37,0.96863
500,4,16384,38,0.96722
500,4,16384,39,0.96771
500,4,262144,0,0.96416
500,4,262144,1,0.96587
500,4,262144,2,0.96816
500,4,262144,3,0.96809
500,4,262144,4,0.96537
500,4,262144,5,0.96586
500,4,262144,6,0.95900
500,4,262144,7,0.96678
500,4,262144,8,0.96616
500,4,262144,9,0.96330
500,4,262144,10,0.96744
500,4,262144,11,0.96839
500,4,262144,12,0.96445
500,4,262144,13,0.96150
500,4,262144,14,0.96666
500,4,262144,15,0.96163
500,4,262144,16,0.96333
500,4,262144,17,0.96392
500,4,262144,18,0.96280
500,4,262144,19,0.96546
500,4,262144,20,0.96403
500,4,262144,21,0.96770
500,4,262144,22,0.96693
500,4,262144,23,0.96766
500,4,262144,24,0.96330
500,4,262144,25,0.95900
500,4,262144,26,0.96262
500,4,262144,27,0.96154
500,4,262144,28,0.96663
500,4,262144,29,0.96549
500,4,262144,30,0.96527
500,4,262144,31,0.96581
500,4,262144,32,0.96714
500,4,262144,33,0.96363
500,4,262144,34,0.96603
500,4,262144,35,0.96644
500,4,262144,36,0.96569
500,4,262144,37,0.96668
500,4,262144,38,0.96594
500,4,262144,39,0.96717
500,8,1024,0,0.99902
500,8,1024,1,0.99414
500,8,1024,2,0.99121
500,8,1024,3,0.99707
500,8,1024,4,0.99902
500,8,1024,5,0.99902
500,8,1024,6,0.99805
500,8,1024,7,0.99414
500,8,1024,8,0.99902
500,8,1024,9,0.99219
500,8,1024,10,0.99902
500,8,1024,11,0.99512
500,8,1024,12,0.99902
500,8,1024,13,0.99414
500,8,1024,14,0.99707
500,8,1024,15,0.99414
500,8,1024,16,0.99609
500,8,1024,17,0.99805
500,8,1024,18,0.99805
500,8,1024,19,0.99902
500,8,1024,20,0.99707
500,8,1024,21,0.99316
500,8,1024,22,0.98730
500,8,1024,23,0.99609
500,8,1024,24,1.00000
500,8,1024,25,0.99707
500,8,1024,26,0.99805
500,8,1024,27,0.99805
500,8,1024,28,1.00000
500,8,1024,29,1.00000
500,8,1024,30,0.99414
500,8,1024,31,0.99902
500,8,1024,32,0.99805
500,8,1024,33,0.99316
500,8,1024,34,0.99219
500,8,1024,35,0.99805
500,8,1024,36,0.99316
500,8,1024,37,0.99512
500,8,1024,38,0.99902
500,8,1024,39,0.99805
500,8,16384,0,0.99023
500,8,16384,1,0.99255
500,8,16384,2,0.99146
500,8,16384,3,0.99091
500,8,16384,4,0.99359
500,8,16384,5,0.99481
500,8,16384,6,0.99219
500,8,16384,7,0.99377
500,8,16384,8,0.99390
500,8,16384,9,0.99243
500,8,16384,10,0.99243
500,8,16384,11,0.99414
500,8,16384,12,0.99377
500,8,16384,13,0.99329
500,8,16384,14,0.99268
500,8,16384,15,0.99115
500,8,16384,16,0.99341
500,8,16384,17,0.98828
500,8,16384,18,0.99377
500,8,16384,19,0.99304
500,8,16384,20,0.99390
500,8,16384,21,0.99384
500,8,16384,22,0.99408
500,8,16384,23,0.99377
500,8,16384,24,0.99164
500,8,16384,25,0.99170
500,8,16384,26,0.99518
500,8,16384,27,0.98975
500,8,16384,28,0.99359
500,8,16384,29,0.99347
500,8,16384,30,0.99182
500,8,16384,31,0.99268
500,8,16384,32,0.99170
500,8,16384,33,0.99530
500,8,16384,34,0.99280
500,8,16384,35,0.99622
500,8,16384,36,0.99316
500,8,16384,37,0.99438
500,8,16384,38,0.99237
500,8,16384,39,0.99268
500,8,262144,0,0.99068
500,8,262144,1,0.99114
500,8,262144,2,0.99172
500,8,262144,3,0.99231
500,8,262144,4,0.98953
500,8,262144,5,0.99079
500,8,262144,6,0.99071
500,8,262144,7,0.99022
500,8,262144,8,0.99109
500,8,262144,9,0.99138
500,8,262144,10,0.99109
500,8,262144,11,0.99233
500,8,262144,12,0.99078
500,8,262144,13,0.99072
500,8,262144,14,0.99060
500,8,262144,15,0.98995
500,8,262144,16,0.99120
500,8,262144,17,0.99149
500,8,262144,18,0.99095
500,8,262144,19,0.99259
500,8,262144,20,0.99146
500,8,262144,21,0.99143
500,8,262144,22,0.99088
500,8,262144,23,0.99197
500,8,262144,24,0.99215
500,8,262144,25,0.99156
500,8,262144,26,0.99047
500,8,262144,27,0.99026
500,8,262144,28,0.99123
500,8,262144,29,0.99102
500,8,262144,30,0.99115
500,8,262144,31,0.99119
500,8,262144,32,0.99249
500,8,262144,33,0.99187
500,8,262144,34,0.99022
500,8,262144,35,0.99083
500,8,262144,36,0.99059
500,8,262144,37,0.99123
500,8,262144,38,0.99099
500,8,262144,39,0.99180
5,1,65536,0,0.23634
5,1,65536,1,0.17693
5,1,65536,2,0.16637
5,1,65536,3,0.25478
5,1,65536,4,0.24789
5,1,65536,5,0.23248
5,1,65536,6,0.16267
5,1,65536,7,0.23119
5,1,65536,8,0.23897
5,1,65536,9,0.18326
5,1,65536,10,0.19176
5,1,65536,11,0.21873
5,1,65536,12,0.24365
5,1,65536,13,0.16393
5,1,65536,14,0.24895
5,1,65536,15,0.23233
5,1,65536,16,0.25197
5,1,65536,17,0.27878
5,1,65536,18,0.11678
5,1,65536,19,0.25130
5,1,65536,20,0.24632
5,1,65536,21,0.24078
5,1,65536,22,0.24284
5,1,65536,23,0.23309
5,1,65536,24,0.19179
5,1,65536,25,0.20604
5,1,65536,26,0.25117
5,1,65536,27,0.25194
5,1,65536,28,0.21484
5,1,65536,29,0.25237
5,1,65536,30,0.20847
5,1,65536,31,0.19133
5,1,65536,32,0.21800
5,1,65536,33,0.20477
5,1,65536,34,0.16350
5,1,65536,35,0.25363
5,1,65536,36,0.24905
5,1,65536,37,0.23932
5,1,65536,38,0.20604
5,1,65536,39,0.20279
5,4,65536,0,0.64734
5,4,65536,1,0.69107
5,4,65536,2,0.67039
5,4,65536,3,0.63039
5,4,65536,4,0.67133
5,4,65536,5,0.65205
5,4,65536,6,0.61507
5,4,65536,7,0.62541
5,4,65536,8,0.67859
5,4,65536,9,0.64636
5,4,65536,10,0.64442
5,4,65536,11,0.61130
5,4,65536,12,0.59184
5,4,65536,13,0.65384
5,4,65536,14,0.66029
5,4,65536,15,0.63844
5,4,65536,16,0.65305
5,4,65536,17,0.62271
5,4,65536,18,0.65244
5,4,65536,19,0.62149
5,4,65536,20,0.66898
5,4,65536,21,0.66400
5,4,65536,22,0.66678
5,4,65536,23,0.64101
5,4,65536,24,0.68330
5,4,65536,25,0.61884
5,4,65536,26,0.67609
5,4,65536,27,0.61478
5,4,65536,28,0.66209
5,4,65536,29,0.64880
5,4,65536,30,0.67947
5,4,65536,31,0.57852
5,4,65536,32,0.65697
5,4,65536,33,0.63687
5,4,65536,34,0.66144
5,4,65536,35,0.63504
5,4,65536,36,0.66936
5,4,65536,37,0.63611
5,4,65536,38,0.68419
5,4,65536,39,0.69798
20,1,65536,0,0.44629
20,1,65536,1,0.44284
20,1,65536,2,0.44460
20,1,65536,3,0.39035
20,1,65536,4,0.43155
20,1,65536,5,0.40346
20,1,65536,6,0.36282
20,1,65536,7,0.43025
20,1,65536,8,0.39409
20,1,65536,9,0.43886
20,1,65536,10,0.44429
20,1,65536,11,0.42610
20,1,65536,12,0.37691
20,1,65536,13,0.43542
20,1,65536,14,0.37842
20,1,65536,15,0.44511
20,1,65536,16,0.41937
20,1,65536,17,0.42197
20,1,65536,18,0.39151
20,1,65536,19,0.42220
20,1,65536,20,0.44057
20,1,65536,21,0.42340
20,1,65536,22,0.42697
20,1,65536,23,0.40282
20,1,65536,24,0.40601
20,1,65536,25,0.43222
20,1,65536,26,0.39954
20,1,65536,27,0.42258
20,1,65536,28,0.42038
20,1,65536,29,0.42566
20,1,65536,30,0.43896
20,1,65536,31,0.41512
20,1,65536,32,0.41455
20,1,65536,33,0.43219
20,1,65536,34,0.43236
20,1,65536,35,0.42885
20,1,65536,36,0.46600
20,1,65536,37,0.44702
20,1,65536,38,0.42941
20,1,65536,39,0.43030
20,4,65536,0,0.81859
20,4,65536,1,0.85156
20,4,65536,2,0.85999
20,4,65536,3,0.83551
20,4,65536,4,0.85072
20,4,65536,5,0.84587
20,4,65536,6,0.83110
20,4,65536,7,0.79547
20,4,65536,8,0.84602
20,4,65536,9,0.82240
20,4,65536,10,0.83858
20,4,65536,11,0.85173
20,4,65536,12,0.80434
20,4,65536,13,0.81979
20,4,65536,14,0.81265
20,4,65536,15,0.86247
20,4,65536,16,0.86035
20,4,65536,17,0.84019
20,4,65536,18,0.84282
20,4,65536,19,0.79550
20,4,65536,20,0.81879
20,4,65536,21,0.82617
20,4,65536,22,0.83290
20,4,65536,23,0.81964
20,4,65536,24,0.86038
20,4,65536,25,0.85240
20,4,65536,26,0.85304
20,4,65536,27,0.86913
20,4,65536,28,0.85878
20,4,65536,29,0.85365
20,4,65536,30,0.82837
20,4,65536,31,0.84164
20,4,65536,32,0.80487
20,4,65536,33,0.85339
20,4,65536,34,0.85262
20,4,65536,35,0.84924
20,4,65536,36,0.84512
20,4,65536,37,0.84100
20,4,65536,38,0.81380
20,4,65536,39,0.83147
100,1,65536,0,0.49995
100,1,65536,1,0.46681
100,1,65536,2,0.50900
100,1,65536,3,0.49374
100,1,65536,4,0.49326
100,1,65536,5,0.50786
100,1,65536,6,0.48697
100,1,65536,7,0.50798
100,1,65536,8,0.49792
100,1,65536,9,0.49554
100,1,65536,10,0.51190
100,1,65536,11,0.50447
100,1,65536,12,0.49997
100,1,65536,13,0.49422
100,1,65536,14,0.48759
100,1,65536,15,0.50772
100,1,65536,16,0.50127
100,1,65536,17,0.48146
100,1,65536,18,0.48087
100,1,65536,19,0.51350
100,1,65536,20,0.50546
100,1,65536,21,0.49921
100,1,65536,22,0.50049
100,1,65536,23,0.50331
100,1,65536,24,0.50511
100,1,65536,25,0.51665
100,1,65536,26,0.51907
100,1,65536,27,0.51193
100,1,65536,28,0.50670
100,1,65536,29,0.51671
100,1,65536,30,0.47391
100,1,65536,31,0.49225
100,1,65536,32,0.51492
100,1,65536,33,0.49519
100,1,65536,34,0.51624
100,1,65536,35,0.50873
100,1,65536,36,0.51253
100,1,65536,37,0.48090
100,1,65536,38,0.50352
100,1,65536,39,0.50279
100,4,65536,0,0.94063
100,4,65536,1,0.92822
100,4,65536,2,0.94020
100,4,65536,3,0.93843
100,4,65536,4,0.94385
100,4,65536,5,0.92558
100,4,65536,6,0.93767
100,4,65536,7,0.93948
100,4,65536,8,0.93396
100,4,65536,9,0.92755
100,4,65536,10,0.93849
100,4,65536,11,0.94580
100,4,65536,12,0.93753
100,4,65536,13,0.94211
100,4,65536,14,0.93361
100,4,65536,15,0.94264
100,4,65536,16,0.93695
100,4,65536,17,0.94127
100,4,65536,18,0.94096
100,4,65536,19,0.93758
100,4,65536,20,0.94093
100,4,65536,21,0.94160
100,4,65536,22,0.94319
100,4,65536,23,0.93787
100,4,65536,24,0.93803
100,4,65536,25,0.94238
100,4,65536,26,0.94556
100,4,65536,27,0.93452
100,4,65536,28,0.94453
100,4,65536,29,0.94426
100,4,65536,30,0.94481
100,4,65536,31,0.94208
100,4,65536,32,0.94519
100,4,65536,33,0.93736
100,4,65536,34,0.93741
100,4,65536,35,0.93686
100,4,65536,36,0.93333
100,4,65536,37,0.93674
100,4,65536,38,0.93774
100,4,65536,39,0.94089
2000,1,65536,0,0.50256
2000,1,65536,1,0.52182
2000,1,65536,2,0.49313
2000,1,65536,3,0.51935
2000,1,65536,4,0.51190
2000,1,65536,5,0.53413
2000,1,65536,6,0.51935
2000,1,65536,7,0.50572
2000,1,65536,8,0.52617
2000,1,65536,9,0.52094
2000,1,65536,10,0.48886
2000,1,65536,11,0.51131
2000,1,65536,12,0.50256
2000,1,65536,13,0.51369
2000,1,65536,14,0.49712
2000,1,65536,15,0.50415
2000,1,65536,16,0.49359
2000,1,65536,17,0.52458
2000,1,65536,18,0.52557
2000,1,65536,19,0.51640
2000,1,65536,20,0.51505
2000,1,65536,21,0.51205
2000,1,65536,22,0.51610
2000,1,65536,23,0.52344
2000,1,65536,24,0.52644
2000,1,65536,25,0.52803
2000,1,65536,26,0.53650
2000,1,65536,27,0.51877
2000,1,65536,28,0.51985
2000,1,65536,29,0.50998
2000,1,65536,30,0.50943
2000,1,65536,31,0.51843
2000,1,65536,32,0.51541
2000,1,65536,33,0.52295
2000,1,65536,34,0.51186
2000,1,65536,35,0.50392
2000,1,65536,36,0.50081
2000,1,65536,37,0.50858
2000,1,65536,38,0.51196
2000,1,65536,39,0.51115
2000,4,65536,0,0.97470
2000,4,65536,1,0.97612
2000,4,65536,2,0.97643
2000,4,65536,3,0.97707
2000,4,65536,4,0.97598
2000,4,65536,5,0.97514
2000,4,65536,6,0.97545
2000,4,65536,7,0.97496
2000,4,65536,8,0.97577
2000,4,65536,9,0.97269
2000,4,65536,10,0.97450
2000,4,65536,11,0.97365
2000,4,65536,12,0.97563
2000,4,65536,13,0.97481
2000,4,65536,14,0.97440
2000,4,65536,15,0.97578
2000,4,65536,16,0.97536
2000,4,65536,17,0.97484
2000,4,65536,18,0.97346
2000,4,65536,19,0.97427
2000,4,65536,20,0.97600
2000,4,65536,21,0.97450
2000,4,65536,22,0.97537
2000,4,65536,23,0.97392
2000,4,65536,24,0.97614
2000,4,65536,25,0.97540
2000,4,65536,26,0.97630
2000,4,65536,27,0.97603
2000,4,65536,28,0.97488
2000,4,65536,29,0.97620
2000,4,65536,30,0.97418
2000,4,65536,31,0.97546
2000,4,65536,32,0.97682
2000,4,65536,33,0.97520
2000,4,65536,34,0.97502
2000,4,65536,35,0.97501
2000,4,65536,36,0.97691
2000,4,65536,37,0.97609
2000,4,65536,38,0.97571
2000,4,65536,39,0.97391
