impl,dist,n,trial,ns_per_op,kicks,rehashes,growths,capacity,load
hashmap,random,1024,0,32.359,,,,,
hashmap,random,1024,1,38.436,,,,,
hashmap,random,1024,2,31.090,,,,,
hashmap,random,1024,3,30.375,,,,,
hashmap,random,1024,4,33.519,,,,,
hashmap,random,1024,5,33.123,,,,,
hashmap,random,1024,6,31.112,,,,,
hashmap,random,4096,0,49.191,,,,,
hashmap,random,4096,1,49.126,,,,,
hashmap,random,4096,2,49.322,,,,,
hashmap,random,4096,3,48.801,,,,,
hashmap,random,4096,4,48.062,,,,,
hashmap,random,4096,5,48.116,,,,,
hashmap,random,4096,6,40.991,,,,,
hashmap,random,16384,0,47.737,,,,,
hashmap,random,16384,1,43.987,,,,,
hashmap,random,16384,2,42.953,,,,,
hashmap,random,16384,3,44.224,,,,,
hashmap,random,16384,4,43.763,,,,,
hashmap,random,16384,5,43.990,,,,,
hashmap,random,16384,6,42.992,,,,,
hashmap,random,65536,0,61.678,,,,,
hashmap,random,65536,1,62.633,,,,,
hashmap,random,65536,2,60.301,,,,,
hashmap,random,65536,3,62.281,,,,,
hashmap,random,65536,4,64.923,,,,,
hashmap,random,65536,5,63.342,,,,,
hashmap,random,65536,6,69.674,,,,,
hashmap,random,262144,0,68.785,,,,,
hashmap,random,262144,1,75.137,,,,,
hashmap,random,262144,2,80.062,,,,,
hashmap,random,262144,3,79.461,,,,,
hashmap,random,262144,4,82.702,,,,,
hashmap,random,262144,5,77.419,,,,,
hashmap,random,262144,6,81.436,,,,,
hashmap,random,1048576,0,82.991,,,,,
hashmap,random,1048576,1,87.160,,,,,
hashmap,random,1048576,2,85.166,,,,,
hashmap,random,1048576,3,85.676,,,,,
hashmap,random,1048576,4,87.229,,,,,
hashmap,random,1048576,5,80.408,,,,,
hashmap,random,1048576,6,78.415,,,,,
hashmap,random,4194304,0,108.395,,,,,
hashmap,random,4194304,1,106.341,,,,,
hashmap,random,4194304,2,143.350,,,,,
hashmap,random,4194304,3,109.625,,,,,
hashmap,random,4194304,4,107.702,,,,,
hashmap,random,4194304,5,107.559,,,,,
hashmap,random,4194304,6,111.437,,,,,
hashmap,random,8388608,0,121.372,,,,,
hashmap,random,8388608,1,126.251,,,,,
hashmap,random,8388608,2,161.597,,,,,
hashmap,random,8388608,3,129.150,,,,,
hashmap,random,8388608,4,206.778,,,,,
hashmap,random,8388608,5,132.031,,,,,
hashmap,random,8388608,6,135.622,,,,,
cuckoo1,random,1024,0,90.825,237,0,6,4096,0.2500
cuckoo1,random,1024,1,94.326,237,0,6,4096,0.2500
cuckoo1,random,1024,2,85.993,237,0,6,4096,0.2500
cuckoo1,random,1024,3,89.517,237,0,6,4096,0.2500
cuckoo1,random,1024,4,85.741,237,0,6,4096,0.2500
cuckoo1,random,1024,5,77.112,237,0,6,4096,0.2500
cuckoo1,random,1024,6,53.341,237,0,6,4096,0.2500
cuckoo1,random,4096,0,80.562,1100,0,8,16384,0.2500
cuckoo1,random,4096,1,72.151,1100,0,8,16384,0.2500
cuckoo1,random,4096,2,70.919,1100,0,8,16384,0.2500
cuckoo1,random,4096,3,78.241,1100,0,8,16384,0.2500
cuckoo1,random,4096,4,78.765,1100,0,8,16384,0.2500
cuckoo1,random,4096,5,73.077,1100,0,8,16384,0.2500
cuckoo1,random,4096,6,72.868,1100,0,8,16384,0.2500
cuckoo1,random,16384,0,94.569,4344,0,10,65536,0.2500
cuckoo1,random,16384,1,95.439,4344,0,10,65536,0.2500
cuckoo1,random,16384,2,97.521,4344,0,10,65536,0.2500
cuckoo1,random,16384,3,95.486,4344,0,10,65536,0.2500
cuckoo1,random,16384,4,98.416,4344,0,10,65536,0.2500
cuckoo1,random,16384,5,102.775,4344,0,10,65536,0.2500
cuckoo1,random,16384,6,96.795,4344,0,10,65536,0.2500
cuckoo1,random,65536,0,115.219,18268,0,12,262144,0.2500
cuckoo1,random,65536,1,120.422,18268,0,12,262144,0.2500
cuckoo1,random,65536,2,125.746,18268,0,12,262144,0.2500
cuckoo1,random,65536,3,117.746,18268,0,12,262144,0.2500
cuckoo1,random,65536,4,117.312,18268,0,12,262144,0.2500
cuckoo1,random,65536,5,117.133,18268,0,12,262144,0.2500
cuckoo1,random,65536,6,124.824,18268,0,12,262144,0.2500
cuckoo1,random,262144,0,155.122,70635,0,14,1048576,0.2500
cuckoo1,random,262144,1,153.548,70635,0,14,1048576,0.2500
cuckoo1,random,262144,2,156.309,70635,0,14,1048576,0.2500
cuckoo1,random,262144,3,151.825,70635,0,14,1048576,0.2500
cuckoo1,random,262144,4,153.567,70635,0,14,1048576,0.2500
cuckoo1,random,262144,5,154.120,70635,0,14,1048576,0.2500
cuckoo1,random,262144,6,150.064,70635,0,14,1048576,0.2500
cuckoo1,random,1048576,0,174.084,286919,0,16,4194304,0.2500
cuckoo1,random,1048576,1,173.702,286919,0,16,4194304,0.2500
cuckoo1,random,1048576,2,173.032,286919,0,16,4194304,0.2500
cuckoo1,random,1048576,3,174.680,286919,0,16,4194304,0.2500
cuckoo1,random,1048576,4,174.250,286919,0,16,4194304,0.2500
cuckoo1,random,1048576,5,189.102,286919,0,16,4194304,0.2500
cuckoo1,random,1048576,6,244.944,286919,0,16,4194304,0.2500
cuckoo1,random,4194304,0,216.161,1134536,0,18,16777216,0.2500
cuckoo1,random,4194304,1,238.829,1134536,0,18,16777216,0.2500
cuckoo1,random,4194304,2,228.082,1134536,0,18,16777216,0.2500
cuckoo1,random,4194304,3,252.818,1134536,0,18,16777216,0.2500
cuckoo1,random,4194304,4,227.903,1134536,0,18,16777216,0.2500
cuckoo1,random,4194304,5,243.939,1134536,0,18,16777216,0.2500
cuckoo1,random,4194304,6,230.668,1134536,0,18,16777216,0.2500
cuckoo1,random,8388608,0,290.367,2264837,0,19,33554432,0.2500
cuckoo1,random,8388608,1,295.391,2264837,0,19,33554432,0.2500
cuckoo1,random,8388608,2,305.141,2264837,0,19,33554432,0.2500
cuckoo1,random,8388608,3,307.893,2264837,0,19,33554432,0.2500
cuckoo1,random,8388608,4,296.980,2264837,0,19,33554432,0.2500
cuckoo1,random,8388608,5,300.747,2264837,0,19,33554432,0.2500
cuckoo1,random,8388608,6,302.495,2264837,0,19,33554432,0.2500
cuckoo4,random,1024,0,78.456,440,0,6,2048,0.5000
cuckoo4,random,1024,1,82.177,440,0,6,2048,0.5000
cuckoo4,random,1024,2,79.995,440,0,6,2048,0.5000
cuckoo4,random,1024,3,83.994,440,0,6,2048,0.5000
cuckoo4,random,1024,4,82.225,440,0,6,2048,0.5000
cuckoo4,random,1024,5,86.042,440,0,6,2048,0.5000
cuckoo4,random,1024,6,81.794,440,0,6,2048,0.5000
cuckoo4,random,4096,0,111.843,1880,0,8,8192,0.5000
cuckoo4,random,4096,1,112.807,1880,0,8,8192,0.5000
cuckoo4,random,4096,2,96.017,1880,0,8,8192,0.5000
cuckoo4,random,4096,3,97.057,1880,0,8,8192,0.5000
cuckoo4,random,4096,4,95.204,1880,0,8,8192,0.5000
cuckoo4,random,4096,5,130.765,1880,0,8,8192,0.5000
cuckoo4,random,4096,6,99.466,1880,0,8,8192,0.5000
cuckoo4,random,16384,0,111.869,7907,0,10,32768,0.5000
cuckoo4,random,16384,1,114.074,7907,0,10,32768,0.5000
cuckoo4,random,16384,2,111.076,7907,0,10,32768,0.5000
cuckoo4,random,16384,3,111.690,7907,0,10,32768,0.5000
cuckoo4,random,16384,4,111.953,7907,0,10,32768,0.5000
cuckoo4,random,16384,5,110.848,7907,0,10,32768,0.5000
cuckoo4,random,16384,6,111.758,7907,0,10,32768,0.5000
cuckoo4,random,65536,0,117.117,32531,0,12,131072,0.5000
cuckoo4,random,65536,1,116.326,32531,0,12,131072,0.5000
cuckoo4,random,65536,2,117.079,32531,0,12,131072,0.5000
cuckoo4,random,65536,3,123.420,32531,0,12,131072,0.5000
cuckoo4,random,65536,4,118.128,32531,0,12,131072,0.5000
cuckoo4,random,65536,5,114.849,32531,0,12,131072,0.5000
cuckoo4,random,65536,6,115.244,32531,0,12,131072,0.5000
cuckoo4,random,262144,0,153.403,129322,0,14,524288,0.5000
cuckoo4,random,262144,1,154.898,129322,0,14,524288,0.5000
cuckoo4,random,262144,2,151.940,129322,0,14,524288,0.5000
cuckoo4,random,262144,3,151.125,129322,0,14,524288,0.5000
cuckoo4,random,262144,4,149.239,129322,0,14,524288,0.5000
cuckoo4,random,262144,5,149.584,129322,0,14,524288,0.5000
cuckoo4,random,262144,6,156.402,129322,0,14,524288,0.5000
cuckoo4,random,1048576,0,182.346,513170,0,16,2097152,0.5000
cuckoo4,random,1048576,1,182.475,513170,0,16,2097152,0.5000
cuckoo4,random,1048576,2,183.272,513170,0,16,2097152,0.5000
cuckoo4,random,1048576,3,233.707,513170,0,16,2097152,0.5000
cuckoo4,random,1048576,4,217.077,513170,0,16,2097152,0.5000
cuckoo4,random,1048576,5,221.402,513170,0,16,2097152,0.5000
cuckoo4,random,1048576,6,232.500,513170,0,16,2097152,0.5000
cuckoo4,random,4194304,0,262.276,2044793,0,18,8388608,0.5000
cuckoo4,random,4194304,1,260.463,2044793,0,18,8388608,0.5000
cuckoo4,random,4194304,2,258.953,2044793,0,18,8388608,0.5000
cuckoo4,random,4194304,3,260.007,2044793,0,18,8388608,0.5000
cuckoo4,random,4194304,4,236.166,2044793,0,18,8388608,0.5000
cuckoo4,random,4194304,5,233.371,2044793,0,18,8388608,0.5000
cuckoo4,random,4194304,6,291.033,2044793,0,18,8388608,0.5000
cuckoo4,random,8388608,0,334.548,4079362,0,19,16777216,0.5000
cuckoo4,random,8388608,1,326.044,4079362,0,19,16777216,0.5000
cuckoo4,random,8388608,2,337.486,4079362,0,19,16777216,0.5000
cuckoo4,random,8388608,3,330.514,4079362,0,19,16777216,0.5000
cuckoo4,random,8388608,4,315.983,4079362,0,19,16777216,0.5000
cuckoo4,random,8388608,5,337.464,4079362,0,19,16777216,0.5000
cuckoo4,random,8388608,6,346.329,4079362,0,19,16777216,0.5000
hashmap,sequential,1024,0,27.896,,,,,
hashmap,sequential,1024,1,33.558,,,,,
hashmap,sequential,1024,2,27.030,,,,,
hashmap,sequential,1024,3,27.089,,,,,
hashmap,sequential,1024,4,27.143,,,,,
hashmap,sequential,1024,5,27.504,,,,,
hashmap,sequential,1024,6,26.967,,,,,
hashmap,sequential,4096,0,30.309,,,,,
hashmap,sequential,4096,1,30.498,,,,,
hashmap,sequential,4096,2,30.203,,,,,
hashmap,sequential,4096,3,30.097,,,,,
hashmap,sequential,4096,4,29.913,,,,,
hashmap,sequential,4096,5,30.049,,,,,
hashmap,sequential,4096,6,24.278,,,,,
hashmap,sequential,16384,0,14.638,,,,,
hashmap,sequential,16384,1,15.221,,,,,
hashmap,sequential,16384,2,16.714,,,,,
hashmap,sequential,16384,3,16.748,,,,,
hashmap,sequential,16384,4,16.787,,,,,
hashmap,sequential,16384,5,16.670,,,,,
hashmap,sequential,16384,6,17.234,,,,,
hashmap,sequential,65536,0,19.094,,,,,
hashmap,sequential,65536,1,18.527,,,,,
hashmap,sequential,65536,2,19.496,,,,,
hashmap,sequential,65536,3,19.502,,,,,
hashmap,sequential,65536,4,19.889,,,,,
hashmap,sequential,65536,5,19.401,,,,,
hashmap,sequential,65536,6,19.179,,,,,
hashmap,sequential,262144,0,15.579,,,,,
hashmap,sequential,262144,1,16.910,,,,,
hashmap,sequential,262144,2,18.025,,,,,
hashmap,sequential,262144,3,19.075,,,,,
hashmap,sequential,262144,4,21.671,,,,,
hashmap,sequential,262144,5,18.247,,,,,
hashmap,sequential,262144,6,19.402,,,,,
hashmap,sequential,1048576,0,17.505,,,,,
hashmap,sequential,1048576,1,16.903,,,,,
hashmap,sequential,1048576,2,16.958,,,,,
hashmap,sequential,1048576,3,16.733,,,,,
hashmap,sequential,1048576,4,17.102,,,,,
hashmap,sequential,1048576,5,16.656,,,,,
hashmap,sequential,1048576,6,16.398,,,,,
hashmap,sequential,4194304,0,17.116,,,,,
hashmap,sequential,4194304,1,20.597,,,,,
hashmap,sequential,4194304,2,50.469,,,,,
hashmap,sequential,4194304,3,19.450,,,,,
hashmap,sequential,4194304,4,20.291,,,,,
hashmap,sequential,4194304,5,19.636,,,,,
hashmap,sequential,4194304,6,19.473,,,,,
hashmap,sequential,8388608,0,20.727,,,,,
hashmap,sequential,8388608,1,20.572,,,,,
hashmap,sequential,8388608,2,33.815,,,,,
hashmap,sequential,8388608,3,20.387,,,,,
hashmap,sequential,8388608,4,64.719,,,,,
hashmap,sequential,8388608,5,19.875,,,,,
hashmap,sequential,8388608,6,19.940,,,,,
cuckoo1,sequential,1024,0,87.447,270,0,6,4096,0.2500
cuckoo1,sequential,1024,1,87.052,270,0,6,4096,0.2500
cuckoo1,sequential,1024,2,85.770,270,0,6,4096,0.2500
cuckoo1,sequential,1024,3,83.201,270,0,6,4096,0.2500
cuckoo1,sequential,1024,4,85.313,270,0,6,4096,0.2500
cuckoo1,sequential,1024,5,79.435,270,0,6,4096,0.2500
cuckoo1,sequential,1024,6,54.761,270,0,6,4096,0.2500
cuckoo1,sequential,4096,0,75.883,1064,0,8,16384,0.2500
cuckoo1,sequential,4096,1,79.006,1064,0,8,16384,0.2500
cuckoo1,sequential,4096,2,75.877,1064,0,8,16384,0.2500
cuckoo1,sequential,4096,3,76.786,1064,0,8,16384,0.2500
cuckoo1,sequential,4096,4,76.418,1064,0,8,16384,0.2500
cuckoo1,sequential,4096,5,73.693,1064,0,8,16384,0.2500
cuckoo1,sequential,4096,6,73.124,1064,0,8,16384,0.2500
cuckoo1,sequential,16384,0,92.991,4132,0,10,65536,0.2500
cuckoo1,sequential,16384,1,90.984,4132,0,10,65536,0.2500
cuckoo1,sequential,16384,2,93.683,4132,0,10,65536,0.2500
cuckoo1,sequential,16384,3,89.037,4132,0,10,65536,0.2500
cuckoo1,sequential,16384,4,91.263,4132,0,10,65536,0.2500
cuckoo1,sequential,16384,5,95.933,4132,0,10,65536,0.2500
cuckoo1,sequential,16384,6,93.627,4132,0,10,65536,0.2500
cuckoo1,sequential,65536,0,121.683,18063,0,12,262144,0.2500
cuckoo1,sequential,65536,1,118.501,18063,0,12,262144,0.2500
cuckoo1,sequential,65536,2,108.949,18063,0,12,262144,0.2500
cuckoo1,sequential,65536,3,107.225,18063,0,12,262144,0.2500
cuckoo1,sequential,65536,4,111.568,18063,0,12,262144,0.2500
cuckoo1,sequential,65536,5,112.585,18063,0,12,262144,0.2500
cuckoo1,sequential,65536,6,109.955,18063,0,12,262144,0.2500
cuckoo1,sequential,262144,0,142.090,72207,0,14,1048576,0.2500
cuckoo1,sequential,262144,1,139.956,72207,0,14,1048576,0.2500
cuckoo1,sequential,262144,2,145.586,72207,0,14,1048576,0.2500
cuckoo1,sequential,262144,3,145.644,72207,0,14,1048576,0.2500
cuckoo1,sequential,262144,4,141.308,72207,0,14,1048576,0.2500
cuckoo1,sequential,262144,5,140.755,72207,0,14,1048576,0.2500
cuckoo1,sequential,262144,6,140.458,72207,0,14,1048576,0.2500
cuckoo1,sequential,1048576,0,166.655,285765,0,16,4194304,0.2500
cuckoo1,sequential,1048576,1,171.200,285765,0,16,4194304,0.2500
cuckoo1,sequential,1048576,2,167.497,285765,0,16,4194304,0.2500
cuckoo1,sequential,1048576,3,163.093,285765,0,16,4194304,0.2500
cuckoo1,sequential,1048576,4,165.507,285765,0,16,4194304,0.2500
cuckoo1,sequential,1048576,5,166.038,285765,0,16,4194304,0.2500
cuckoo1,sequential,1048576,6,222.773,285765,0,16,4194304,0.2500
cuckoo1,sequential,4194304,0,242.254,1119430,0,18,16777216,0.2500
cuckoo1,sequential,4194304,1,269.575,1119430,0,18,16777216,0.2500
cuckoo1,sequential,4194304,2,242.592,1119430,0,18,16777216,0.2500
cuckoo1,sequential,4194304,3,248.706,1119430,0,18,16777216,0.2500
cuckoo1,sequential,4194304,4,232.431,1119430,0,18,16777216,0.2500
cuckoo1,sequential,4194304,5,244.239,1119430,0,18,16777216,0.2500
cuckoo1,sequential,4194304,6,234.384,1119430,0,18,16777216,0.2500
cuckoo1,sequential,8388608,0,272.376,2232529,0,19,33554432,0.2500
cuckoo1,sequential,8388608,1,294.565,2232529,0,19,33554432,0.2500
cuckoo1,sequential,8388608,2,293.397,2232529,0,19,33554432,0.2500
cuckoo1,sequential,8388608,3,303.423,2232529,0,19,33554432,0.2500
cuckoo1,sequential,8388608,4,287.410,2232529,0,19,33554432,0.2500
cuckoo1,sequential,8388608,5,304.889,2232529,0,19,33554432,0.2500
cuckoo1,sequential,8388608,6,301.078,2232529,0,19,33554432,0.2500
cuckoo4,sequential,1024,0,80.378,602,0,6,2048,0.5000
cuckoo4,sequential,1024,1,85.467,602,0,6,2048,0.5000
cuckoo4,sequential,1024,2,78.141,602,0,6,2048,0.5000
cuckoo4,sequential,1024,3,78.036,602,0,6,2048,0.5000
cuckoo4,sequential,1024,4,74.264,602,0,6,2048,0.5000
cuckoo4,sequential,1024,5,77.402,602,0,6,2048,0.5000
cuckoo4,sequential,1024,6,76.625,602,0,6,2048,0.5000
cuckoo4,sequential,4096,0,111.794,1808,0,8,8192,0.5000
cuckoo4,sequential,4096,1,117.112,1808,0,8,8192,0.5000
cuckoo4,sequential,4096,2,91.594,1808,0,8,8192,0.5000
cuckoo4,sequential,4096,3,94.342,1808,0,8,8192,0.5000
cuckoo4,sequential,4096,4,95.349,1808,0,8,8192,0.5000
cuckoo4,sequential,4096,5,92.700,1808,0,8,8192,0.5000
cuckoo4,sequential,4096,6,97.786,1808,0,8,8192,0.5000
cuckoo4,sequential,16384,0,106.971,7925,0,10,32768,0.5000
cuckoo4,sequential,16384,1,108.049,7925,0,10,32768,0.5000
cuckoo4,sequential,16384,2,110.601,7925,0,10,32768,0.5000
cuckoo4,sequential,16384,3,109.463,7925,0,10,32768,0.5000
cuckoo4,sequential,16384,4,110.025,7925,0,10,32768,0.5000
cuckoo4,sequential,16384,5,106.892,7925,0,10,32768,0.5000
cuckoo4,sequential,16384,6,108.453,7925,0,10,32768,0.5000
cuckoo4,sequential,65536,0,124.230,31752,0,12,131072,0.5000
cuckoo4,sequential,65536,1,118.342,31752,0,12,131072,0.5000
cuckoo4,sequential,65536,2,124.714,31752,0,12,131072,0.5000
cuckoo4,sequential,65536,3,119.270,31752,0,12,131072,0.5000
cuckoo4,sequential,65536,4,122.297,31752,0,12,131072,0.5000
cuckoo4,sequential,65536,5,117.656,31752,0,12,131072,0.5000
cuckoo4,sequential,65536,6,119.170,31752,0,12,131072,0.5000
cuckoo4,sequential,262144,0,163.249,125929,0,14,524288,0.5000
cuckoo4,sequential,262144,1,159.466,125929,0,14,524288,0.5000
cuckoo4,sequential,262144,2,165.296,125929,0,14,524288,0.5000
cuckoo4,sequential,262144,3,157.491,125929,0,14,524288,0.5000
cuckoo4,sequential,262144,4,155.813,125929,0,14,524288,0.5000
cuckoo4,sequential,262144,5,157.430,125929,0,14,524288,0.5000
cuckoo4,sequential,262144,6,158.091,125929,0,14,524288,0.5000
cuckoo4,sequential,1048576,0,183.683,506547,0,16,2097152,0.5000
cuckoo4,sequential,1048576,1,179.827,506547,0,16,2097152,0.5000
cuckoo4,sequential,1048576,2,174.247,506547,0,16,2097152,0.5000
cuckoo4,sequential,1048576,3,244.289,506547,0,16,2097152,0.5000
cuckoo4,sequential,1048576,4,213.176,506547,0,16,2097152,0.5000
cuckoo4,sequential,1048576,5,219.101,506547,0,16,2097152,0.5000
cuckoo4,sequential,1048576,6,212.075,506547,0,16,2097152,0.5000
cuckoo4,sequential,4194304,0,247.522,2030659,0,18,8388608,0.5000
cuckoo4,sequential,4194304,1,255.378,2030659,0,18,8388608,0.5000
cuckoo4,sequential,4194304,2,246.953,2030659,0,18,8388608,0.5000
cuckoo4,sequential,4194304,3,277.868,2030659,0,18,8388608,0.5000
cuckoo4,sequential,4194304,4,244.258,2030659,0,18,8388608,0.5000
cuckoo4,sequential,4194304,5,251.396,2030659,0,18,8388608,0.5000
cuckoo4,sequential,4194304,6,293.083,2030659,0,18,8388608,0.5000
cuckoo4,sequential,8388608,0,307.648,4055770,0,19,16777216,0.5000
cuckoo4,sequential,8388608,1,301.519,4055770,0,19,16777216,0.5000
cuckoo4,sequential,8388608,2,295.922,4055770,0,19,16777216,0.5000
cuckoo4,sequential,8388608,3,313.897,4055770,0,19,16777216,0.5000
cuckoo4,sequential,8388608,4,310.814,4055770,0,19,16777216,0.5000
cuckoo4,sequential,8388608,5,311.625,4055770,0,19,16777216,0.5000
cuckoo4,sequential,8388608,6,305.840,4055770,0,19,16777216,0.5000
