bucket_size,load,mean_kicks,max_kicks,samples
1,0.00,0.00000,0,19680
1,0.01,0.00000,0,19650
1,0.02,0.00010,2,19680
1,0.03,0.00031,2,19650
1,0.04,0.00015,2,19650
1,0.05,0.00061,2,19680
1,0.06,0.00158,2,19650
1,0.07,0.00168,2,19650
1,0.08,0.00371,4,19680
1,0.09,0.00397,4,19650
1,0.10,0.00646,4,19650
1,0.11,0.00762,6,19680
1,0.12,0.00789,4,19650
1,0.13,0.01286,5,19680
1,0.14,0.01562,4,19651
1,0.15,0.01873,4,19651
1,0.16,0.02429,6,19680
1,0.17,0.02896,6,19650
1,0.18,0.03384,7,19650
1,0.19,0.03811,10,19680
1,0.20,0.04514,8,19650
1,0.21,0.04758,8,19651
1,0.22,0.05483,10,19680
1,0.23,0.06051,6,19650
1,0.24,0.07786,8,19650
1,0.25,0.08496,11,19680
1,0.26,0.09858,10,19650
1,0.27,0.11159,9,19680
1,0.28,0.12025,10,19650
1,0.29,0.13715,16,19650
1,0.30,0.14914,15,19680
1,0.31,0.16524,12,19650
1,0.32,0.18402,13,19650
1,0.33,0.21082,19,19680
1,0.34,0.23929,16,19650
1,0.35,0.23588,24,19650
1,0.36,0.28455,19,19680
1,0.37,0.30982,18,19650
1,0.38,0.33547,28,19680
1,0.39,0.39517,24,19650
1,0.40,0.42142,25,19650
1,0.41,0.46662,30,19680
1,0.42,0.54107,36,19650
1,0.43,0.62611,41,19650
1,0.44,0.65300,54,19680
1,0.45,0.78382,54,19650
1,0.46,0.92636,80,19650
1,0.47,1.15836,124,19569
1,0.48,1.40063,183,18995
1,0.49,1.85251,242,17533
1,0.50,2.58425,276,14677
1,0.51,4.11315,382,7035
1,0.52,3.81326,330,905
1,0.53,3.98087,114,366
2,0.00,0.00000,0,19680
2,0.01,0.00000,0,19650
2,0.02,0.00000,0,19680
2,0.03,0.00000,0,19650
2,0.04,0.00000,0,19650
2,0.05,0.00000,0,19680
2,0.06,0.00000,0,19650
2,0.07,0.00000,0,19650
2,0.08,0.00000,0,19680
2,0.09,0.00000,0,19650
2,0.10,0.00000,0,19650
2,0.11,0.00000,0,19680
2,0.12,0.00000,0,19650
2,0.13,0.00000,0,19680
2,0.14,0.00005,1,19650
2,0.15,0.00020,2,19650
2,0.16,0.00015,2,19680
2,0.17,0.00046,2,19650
2,0.18,0.00025,2,19650
2,0.19,0.00066,2,19680
2,0.20,0.00031,2,19650
2,0.21,0.00117,2,19650
2,0.22,0.00122,2,19680
2,0.23,0.00168,2,19650
2,0.24,0.00193,2,19650
2,0.25,0.00193,2,19680
2,0.26,0.00224,2,19650
2,0.27,0.00376,2,19680
2,0.28,0.00443,4,19650
2,0.29,0.00545,4,19650
2,0.30,0.00696,2,19680
2,0.31,0.00789,2,19650
2,0.32,0.01048,4,19650
2,0.33,0.01265,4,19680
2,0.34,0.01455,4,19650
2,0.35,0.01837,4,19650
2,0.36,0.01865,2,19680
2,0.37,0.02214,6,19650
2,0.38,0.02556,5,19680
2,0.39,0.02987,4,19650
2,0.40,0.03751,4,19650
2,0.41,0.04360,6,19680
2,0.42,0.05191,6,19650
2,0.43,0.05496,6,19650
2,0.44,0.06474,8,19680
2,0.45,0.06957,6,19650
2,0.46,0.08554,8,19651
2,0.47,0.08572,10,19680
2,0.48,0.10239,7,19650
2,0.49,0.11450,10,19650
2,0.50,0.12576,9,19680
2,0.51,0.14611,11,19650
2,0.52,0.16347,11,19680
2,0.53,0.16870,11,19650
2,0.54,0.18326,12,19650
2,0.55,0.22026,12,19681
2,0.56,0.23720,12,19650
2,0.57,0.25964,12,19650
2,0.58,0.30303,13,19681
2,0.59,0.33327,16,19651
2,0.60,0.36779,16,19650
2,0.61,0.40620,16,19680
2,0.62,0.46295,18,19650
2,0.63,0.51860,17,19680
2,0.64,0.56407,20,19650
2,0.65,0.63232,21,19650
2,0.66,0.69900,21,19681
2,0.67,0.76509,26,19650
2,0.68,0.89628,26,19650
2,0.69,0.93526,24,19680
2,0.70,1.11368,31,19651
2,0.71,1.22081,31,19650
2,0.72,1.37591,48,19680
2,0.73,1.56504,41,19650
2,0.74,1.78188,48,19650
2,0.75,2.06570,49,19680
2,0.76,2.34132,60,19650
2,0.77,2.75960,61,19680
2,0.78,3.27506,74,19650
2,0.79,3.84061,70,19650
2,0.80,4.65732,88,19680
2,0.81,5.76351,112,19650
2,0.82,7.19720,179,19650
2,0.83,9.30071,184,19680
2,0.84,12.52687,204,19650
2,0.85,18.44651,389,19650
2,0.86,28.88826,593,19680
2,0.87,54.79351,878,19405
2,0.88,103.30289,979,9624
4,0.00,0.00000,0,19680
4,0.01,0.00000,0,19650
4,0.02,0.00000,0,19680
4,0.03,0.00000,0,19650
4,0.04,0.00000,0,19651
4,0.05,0.00000,0,19680
4,0.06,0.00000,0,19650
4,0.07,0.00000,0,19650
4,0.08,0.00000,0,19680
4,0.09,0.00000,0,19650
4,0.10,0.00000,0,19650
4,0.11,0.00000,0,19680
4,0.12,0.00000,0,19650
4,0.13,0.00000,0,19680
4,0.14,0.00000,0,19650
4,0.15,0.00000,0,19650
4,0.16,0.00000,0,19680
4,0.17,0.00000,0,19650
4,0.18,0.00000,0,19651
4,0.19,0.00000,0,19680
4,0.20,0.00000,0,19650
4,0.21,0.00000,0,19650
4,0.22,0.00000,0,19680
4,0.23,0.00000,0,19650
4,0.24,0.00000,0,19651
4,0.25,0.00000,0,19680
4,0.26,0.00000,0,19651
4,0.27,0.00000,0,19680
4,0.28,0.00000,0,19650
4,0.29,0.00010,2,19650
4,0.30,0.00000,0,19680
4,0.31,0.00000,0,19650
4,0.32,0.00005,1,19650
4,0.33,0.00005,1,19680
4,0.34,0.00005,1,19650
4,0.35,0.00010,2,19650
4,0.36,0.00010,2,19680
4,0.37,0.00020,2,19650
4,0.38,0.00005,1,19680
4,0.39,0.00005,1,19650
4,0.40,0.00066,2,19650
4,0.41,0.00097,2,19680
4,0.42,0.00081,2,19650
4,0.43,0.00112,2,19651
4,0.44,0.00203,2,19681
4,0.45,0.00234,4,19650
4,0.46,0.00209,2,19650
4,0.47,0.00462,2,19680
4,0.48,0.00392,2,19650
4,0.49,0.00585,2,19650
4,0.50,0.00884,3,19680
4,0.51,0.00967,2,19651
4,0.52,0.01209,4,19681
4,0.53,0.01603,4,19650
4,0.54,0.01949,4,19650
4,0.55,0.02307,4,19680
4,0.56,0.03008,4,19650
4,0.57,0.03486,5,19650
4,0.58,0.04019,5,19680
4,0.59,0.04656,7,19650
4,0.60,0.05333,4,19650
4,0.61,0.06169,6,19680
4,0.62,0.07379,8,19650
4,0.63,0.08648,8,19680
4,0.64,0.09934,8,19650
4,0.65,0.11272,8,19651
4,0.66,0.13745,8,19680
4,0.67,0.15501,8,19650
4,0.68,0.17517,8,19650
4,0.69,0.20203,12,19680
4,0.70,0.22595,10,19650
4,0.71,0.25221,10,19650
4,0.72,0.29624,14,19680
4,0.73,0.33053,14,19650
4,0.74,0.38492,12,19651
4,0.75,0.42414,12,19680
4,0.76,0.49888,17,19650
4,0.77,0.56336,14,19680
4,0.78,0.64529,15,19650
4,0.79,0.72392,17,19650
4,0.80,0.84741,20,19680
4,0.81,0.95267,28,19650
4,0.82,1.12499,25,19650
4,0.83,1.31950,27,19681
4,0.84,1.49786,36,19650
4,0.85,1.74414,38,19651
4,0.86,2.08420,39,19680
4,0.87,2.45242,44,19650
4,0.88,2.98699,48,19680
4,0.89,3.67467,72,19651
4,0.90,4.53257,69,19650
4,0.91,5.93994,90,19681
4,0.92,7.74448,106,19650
4,0.93,11.08260,144,19650
4,0.94,16.68791,220,19680
4,0.95,30.01328,475,19651
4,0.96,71.86756,997,19563
4,0.97,153.47004,999,4155
8,0.00,0.00000,0,19680
8,0.01,0.00000,0,19650
8,0.02,0.00000,0,19680
8,0.03,0.00000,0,19650
8,0.04,0.00000,0,19650
8,0.05,0.00000,0,19680
8,0.06,0.00000,0,19650
8,0.07,0.00000,0,19650
8,0.08,0.00000,0,19680
8,0.09,0.00000,0,19650
8,0.10,0.00000,0,19650
8,0.11,0.00000,0,19681
8,0.12,0.00000,0,19650
8,0.13,0.00000,0,19680
8,0.14,0.00000,0,19650
8,0.15,0.00000,0,19650
8,0.16,0.00000,0,19680
8,0.17,0.00000,0,19650
8,0.18,0.00000,0,19650
8,0.19,0.00000,0,19680
8,0.20,0.00000,0,19650
8,0.21,0.00000,0,19650
8,0.22,0.00000,0,19680
8,0.23,0.00000,0,19650
8,0.24,0.00000,0,19650
8,0.25,0.00000,0,19680
8,0.26,0.00000,0,19650
8,0.27,0.00000,0,19680
8,0.28,0.00000,0,19650
8,0.29,0.00000,0,19650
8,0.30,0.00000,0,19680
8,0.31,0.00000,0,19650
8,0.32,0.00000,0,19650
8,0.33,0.00000,0,19680
8,0.34,0.00000,0,19650
8,0.35,0.00000,0,19650
8,0.36,0.00000,0,19680
8,0.37,0.00000,0,19651
8,0.38,0.00000,0,19680
8,0.39,0.00000,0,19651
8,0.40,0.00000,0,19650
8,0.41,0.00000,0,19680
8,0.42,0.00000,0,19650
8,0.43,0.00000,0,19650
8,0.44,0.00000,0,19680
8,0.45,0.00000,0,19650
8,0.46,0.00000,0,19650
8,0.47,0.00000,0,19680
8,0.48,0.00000,0,19651
8,0.49,0.00005,1,19650
8,0.50,0.00000,0,19680
8,0.51,0.00010,1,19650
8,0.52,0.00000,0,19680
8,0.53,0.00015,2,19650
8,0.54,0.00005,1,19650
8,0.55,0.00036,2,19680
8,0.56,0.00056,2,19651
8,0.57,0.00087,2,19650
8,0.58,0.00107,2,19680
8,0.59,0.00204,2,19650
8,0.60,0.00249,3,19650
8,0.61,0.00386,2,19681
8,0.62,0.00504,2,19650
8,0.63,0.00589,2,19680
8,0.64,0.00891,4,19650
8,0.65,0.01125,4,19650
8,0.66,0.01743,4,19680
8,0.67,0.01781,4,19650
8,0.68,0.02249,4,19650
8,0.69,0.02906,4,19681
8,0.70,0.03954,4,19651
8,0.71,0.05028,6,19650
8,0.72,0.06255,6,19680
8,0.73,0.06977,6,19650
8,0.74,0.08830,6,19650
8,0.75,0.11077,7,19680
8,0.76,0.13679,8,19651
8,0.77,0.15869,8,19680
8,0.78,0.19435,8,19650
8,0.79,0.22254,9,19650
8,0.80,0.26721,10,19681
8,0.81,0.31893,10,19650
8,0.82,0.36850,14,19650
8,0.83,0.43049,13,19680
8,0.84,0.51573,14,19650
8,0.85,0.60799,14,19650
8,0.86,0.70732,18,19680
8,0.87,0.88438,20,19650
8,0.88,1.04502,21,19680
8,0.89,1.26855,21,19650
8,0.90,1.55206,44,19650
8,0.91,1.90960,40,19680
8,0.92,2.40059,41,19651
8,0.93,3.04382,50,19650
8,0.94,4.10940,60,19680
8,0.95,5.69272,85,19650
8,0.96,8.67004,188,19651
8,0.97,15.01921,210,19680
8,0.98,37.10840,664,19650
8,0.99,126.91733,995,9048
