impl,trial,mean_ns,p50_ns,p99_ns,p999_ns,p9999_ns,max_us,top01_share_pct
hashmap,1,298.9,159.0,866.0,3689.0,21326.0,131407.6,25.8
hashmap,2,282.7,154.0,806.0,3361.0,18746.0,129376.9,26.0
hashmap,3,365.7,149.0,748.0,2192.0,13982.0,519785.4,46.0
cuckoo1,1,437.7,162.0,761.0,1818.0,20378.0,657760.3,57.2
cuckoo1,2,390.9,207.0,918.0,2202.0,24815.0,283719.8,35.5
cuckoo1,3,448.5,214.0,937.0,2390.0,24597.0,492005.0,42.4
cuckoo4,1,323.0,138.0,794.0,1836.0,22532.0,289195.3,45.4
cuckoo4,2,366.3,128.0,734.0,1574.0,21418.0,540059.4,55.3
cuckoo4,3,373.0,229.0,889.0,1949.0,22413.0,225707.7,32.0
