impl,trial,index,micros
hashmap,1,0,50.3
hashmap,1,3072,122.8
hashmap,1,6144,219.8
hashmap,1,9391,139.5
hashmap,1,12288,364.6
hashmap,1,24576,1110.4
hashmap,1,49152,2136.7
hashmap,1,64814,53.5
hashmap,1,98304,4529.7
hashmap,1,196608,9988.9
hashmap,1,265954,51.2
hashmap,1,393216,13324.0
hashmap,1,525481,80.9
hashmap,1,783511,102.0
hashmap,1,786432,29477.4
hashmap,1,810826,59.9
hashmap,1,1037462,71.7
hashmap,1,1117112,63.4
hashmap,1,1148690,54.6
hashmap,1,1225674,50.8
hashmap,1,1255204,50.2
hashmap,1,1295492,75.8
hashmap,1,1357319,50.1
hashmap,1,1385860,61.9
hashmap,1,1438997,59.6
hashmap,1,1442185,89.8
hashmap,1,1485036,154.8
hashmap,1,1493764,53.6
hashmap,1,1549083,69.1
hashmap,1,1553540,69.3
hashmap,1,1572864,63090.0
hashmap,1,1684083,255.9
hashmap,1,1690532,1298.4
hashmap,1,1693707,791.6
hashmap,1,1694049,70.4
hashmap,1,1699236,308.5
hashmap,1,1704161,922.3
hashmap,1,1719466,138.1
hashmap,1,1739737,158.0
hashmap,1,1756198,111.5
hashmap,1,1756623,60.2
hashmap,1,1757458,238.4
hashmap,1,1766817,73.6
hashmap,1,1766825,92.0
hashmap,1,1778029,51.2
hashmap,1,1782537,219.0
hashmap,1,1803268,77.6
hashmap,1,1834969,1169.0
hashmap,1,1842076,77.6
hashmap,1,1969873,51.0
hashmap,1,1983089,72.4
hashmap,1,2008729,64.6
hashmap,1,2036081,52.4
hashmap,1,2048668,59.6
hashmap,1,2061425,159.8
hashmap,1,2113866,51.2
hashmap,1,2120921,124.6
hashmap,1,2124943,80.3
hashmap,1,2136893,58.1
hashmap,1,2255656,69.7
hashmap,1,2267356,70.4
hashmap,1,2279255,56.1
hashmap,1,2319473,70.5
hashmap,1,2378719,54.3
hashmap,1,2402692,70.7
hashmap,1,2413796,66.1
hashmap,1,2416734,155.1
hashmap,1,2423769,66.5
hashmap,1,2444783,80.7
hashmap,1,2472801,476.5
hashmap,1,2474465,463.5
hashmap,1,2577487,71.2
hashmap,1,2668751,84.6
hashmap,1,2679796,52.5
hashmap,1,2692047,75.3
hashmap,1,2717393,50.3
hashmap,1,2741583,74.9
hashmap,1,2753319,70.6
hashmap,1,2778150,92.3
hashmap,1,2795445,64.0
hashmap,1,2802161,58.7
hashmap,1,2835535,76.7
hashmap,1,2875887,86.4
hashmap,1,2887513,117.7
hashmap,1,2890172,73.8
hashmap,1,2898556,55.3
hashmap,1,2913487,52.0
hashmap,1,2922182,50.0
hashmap,1,2959337,52.2
hashmap,1,2968244,54.7
hashmap,1,2971125,80.3
hashmap,1,3071845,75.4
hashmap,1,3093583,73.2
hashmap,1,3105542,50.1
hashmap,1,3107366,86.8
hashmap,1,3118971,56.4
hashmap,1,3145728,131407.6
hashmap,1,3176031,69.4
hashmap,1,3335219,60.4
hashmap,1,3343275,71.5
hashmap,1,3356500,87.8
hashmap,1,3409971,72.1
hashmap,1,3420787,85.6
hashmap,1,3505971,81.1
hashmap,1,3593267,66.5
hashmap,1,3620121,67.5
hashmap,1,3646664,73.9
hashmap,1,3659354,70.9
hashmap,1,3672865,61.2
hashmap,1,3851315,62.9
hashmap,1,3950640,51.7
hashmap,1,3976753,58.4
hashmap,2,3072,62.2
hashmap,2,6144,128.2
hashmap,2,12288,274.3
hashmap,2,24576,861.5
hashmap,2,49152,1858.5
hashmap,2,98304,4825.1
hashmap,2,196608,9696.2
hashmap,2,265814,61.2
hashmap,2,370620,80.0
hashmap,2,393216,12933.4
hashmap,2,487847,134.1
hashmap,2,493378,68.5
hashmap,2,566021,50.0
hashmap,2,650946,72.5
hashmap,2,668490,79.3
hashmap,2,704846,54.1
hashmap,2,786432,28428.7
hashmap,2,904770,59.0
hashmap,2,964254,56.1
hashmap,2,1001885,159.9
hashmap,2,1162928,59.5
hashmap,2,1217869,54.2
hashmap,2,1261223,1174.3
hashmap,2,1271092,51.4
hashmap,2,1359113,55.1
hashmap,2,1373193,56.9
hashmap,2,1420976,64.3
hashmap,2,1430368,51.7
hashmap,2,1552712,52.7
hashmap,2,1572864,63769.0
hashmap,2,1670813,58.4
hashmap,2,1733059,52.4
hashmap,2,1928861,61.0
hashmap,2,2115685,77.1
hashmap,2,2186909,60.9
hashmap,2,2234141,55.3
hashmap,2,2237690,69.7
hashmap,2,2416734,60.3
hashmap,2,2444922,58.9
hashmap,2,2466323,52.3
hashmap,2,2469856,62.2
hashmap,2,2581757,243.9
hashmap,2,2586727,488.5
hashmap,2,2586960,419.6
hashmap,2,2589621,203.9
hashmap,2,2598522,617.1
hashmap,2,2608593,156.1
hashmap,2,2608672,85.1
hashmap,2,2617317,138.8
hashmap,2,2619806,170.6
hashmap,2,2619813,55.6
hashmap,2,2638776,320.8
hashmap,2,2702970,64.6
hashmap,2,2851801,70.3
hashmap,2,2961000,66.2
hashmap,2,3067678,53.4
hashmap,2,3105311,53.2
hashmap,2,3145728,129376.9
hashmap,2,3202527,60.8
hashmap,2,3287412,96.0
hashmap,2,3401076,79.6
hashmap,2,3440479,81.3
hashmap,2,3442291,80.9
hashmap,2,3460575,59.0
hashmap,2,3512298,66.0
hashmap,2,3626343,63.9
hashmap,2,3718732,64.6
hashmap,2,3739550,65.7
hashmap,2,3894092,51.0
hashmap,2,3963197,59.2
hashmap,2,3976780,63.1
hashmap,3,3072,68.9
hashmap,3,6144,131.0
hashmap,3,12288,316.7
hashmap,3,24576,704.6
hashmap,3,49152,1899.4
hashmap,3,91633,66.0
hashmap,3,98304,4426.0
hashmap,3,196608,6105.0
hashmap,3,393216,24220.3
hashmap,3,548322,62.4
hashmap,3,786432,26271.8
hashmap,3,802256,59.2
hashmap,3,1060304,53.7
hashmap,3,1318334,58.1
hashmap,3,1572864,59724.0
hashmap,3,1784765,71.8
hashmap,3,1826219,60.0
hashmap,3,1923577,72.8
hashmap,3,2049700,66.4
hashmap,3,2084267,60.4
hashmap,3,2172244,60.2
hashmap,3,2342315,57.8
hashmap,3,2521052,63.4
hashmap,3,2600328,57.6
hashmap,3,2858376,56.5
hashmap,3,3056776,67.4
hashmap,3,3116424,56.1
hashmap,3,3145728,519785.4
hashmap,3,3279351,59.1
hashmap,3,3537527,56.4
hashmap,3,3610654,85.4
hashmap,3,3770365,50.0
hashmap,3,3772659,73.1
hashmap,3,3795556,56.7
hashmap,3,3842430,70.9
hashmap,3,3953625,76.8
cuckoo1,1,921,50.4
cuckoo1,1,1843,91.7
cuckoo1,1,3686,181.8
cuckoo1,1,7372,357.4
cuckoo1,1,14745,764.1
cuckoo1,1,29491,1640.3
cuckoo1,1,58982,3994.4
cuckoo1,1,117964,8643.4
cuckoo1,1,125043,54.6
cuckoo1,1,235929,17715.1
cuckoo1,1,471859,37158.3
cuckoo1,1,943718,78613.6
cuckoo1,1,1098733,69.9
cuckoo1,1,1340015,83.4
cuckoo1,1,1492546,56.6
cuckoo1,1,1887436,164070.8
cuckoo1,1,2059843,98.9
cuckoo1,1,2176795,59.5
cuckoo1,1,2192520,77.0
cuckoo1,1,2316264,77.1
cuckoo1,1,2441276,63.3
cuckoo1,1,2813140,76.5
cuckoo1,1,2816671,78.5
cuckoo1,1,3102627,101.9
cuckoo1,1,3191212,103.7
cuckoo1,1,3194020,51.8
cuckoo1,1,3233681,55.7
cuckoo1,1,3246596,51.8
cuckoo1,1,3256543,63.8
cuckoo1,1,3364267,79.5
cuckoo1,1,3464753,73.1
cuckoo1,1,3583859,50.3
cuckoo1,1,3766211,53.3
cuckoo1,1,3774873,657760.3
cuckoo1,1,3788240,52.1
cuckoo1,1,3819042,77.3
cuckoo1,1,3970784,50.7
cuckoo1,2,1843,67.1
cuckoo1,2,3686,111.0
cuckoo1,2,7372,252.7
cuckoo1,2,14745,504.6
cuckoo1,2,28742,51.1
cuckoo1,2,29491,1073.9
cuckoo1,2,58982,2495.7
cuckoo1,2,103650,69.3
cuckoo1,2,117964,5793.0
cuckoo1,2,144614,50.3
cuckoo1,2,179835,80.7
cuckoo1,2,235929,12211.2
cuckoo1,2,343203,78.9
cuckoo1,2,357394,83.0
cuckoo1,2,372464,50.5
cuckoo1,2,384099,107.7
cuckoo1,2,386082,554.5
cuckoo1,2,400730,53.2
cuckoo1,2,416170,68.6
cuckoo1,2,471859,26818.7
cuckoo1,2,513319,61.0
cuckoo1,2,559281,67.1
cuckoo1,2,574392,53.7
cuckoo1,2,728019,54.2
cuckoo1,2,755140,54.4
cuckoo1,2,768590,74.8
cuckoo1,2,828304,59.6
cuckoo1,2,912666,191.7
cuckoo1,2,924446,58.3
cuckoo1,2,943718,54499.8
cuckoo1,2,991264,60.2
cuckoo1,2,1036794,59.8
cuckoo1,2,1103799,51.1
cuckoo1,2,1134644,50.3
cuckoo1,2,1273720,50.6
cuckoo1,2,1403521,99.8
cuckoo1,2,1404060,52.0
cuckoo1,2,1513231,84.4
cuckoo1,2,1526675,51.3
cuckoo1,2,1623225,72.2
cuckoo1,2,1650027,57.1
cuckoo1,2,1728927,72.3
cuckoo1,2,1766825,50.9
cuckoo1,2,1879351,50.7
cuckoo1,2,1887436,126569.1
cuckoo1,2,1927133,50.2
cuckoo1,2,1938226,69.4
cuckoo1,2,2053142,94.9
cuckoo1,2,2390292,50.7
cuckoo1,2,2504126,53.6
cuckoo1,2,2566846,55.9
cuckoo1,2,2728554,50.1
cuckoo1,2,2764946,72.7
cuckoo1,2,2838438,52.0
cuckoo1,2,3048686,52.0
cuckoo1,2,3060622,59.4
cuckoo1,2,3156329,83.9
cuckoo1,2,3254847,51.3
cuckoo1,2,3267052,51.5
cuckoo1,2,3375525,50.8
cuckoo1,2,3411049,79.8
cuckoo1,2,3422679,55.4
cuckoo1,2,3469794,53.0
cuckoo1,2,3480738,65.4
cuckoo1,2,3492082,54.8
cuckoo1,2,3503234,52.4
cuckoo1,2,3525761,51.2
cuckoo1,2,3536909,58.5
cuckoo1,2,3547792,50.7
cuckoo1,2,3558516,79.2
cuckoo1,2,3577745,69.1
cuckoo1,2,3586565,78.9
cuckoo1,2,3596604,54.4
cuckoo1,2,3596880,60.4
cuckoo1,2,3606752,51.7
cuckoo1,2,3617346,76.0
cuckoo1,2,3631991,55.9
cuckoo1,2,3648879,75.2
cuckoo1,2,3670000,73.6
cuckoo1,2,3700537,82.1
cuckoo1,2,3731583,57.3
cuckoo1,2,3741717,72.1
cuckoo1,2,3774873,283719.8
cuckoo1,2,3803384,102.6
cuckoo1,2,3877444,52.9
cuckoo1,2,3907162,52.4
cuckoo1,2,3962216,170.8
cuckoo1,2,3964808,67.0
cuckoo1,3,276,74.9
cuckoo1,3,1843,53.6
cuckoo1,3,3686,133.9
cuckoo1,3,7372,217.2
cuckoo1,3,14745,450.9
cuckoo1,3,29491,1255.9
cuckoo1,3,58982,2874.5
cuckoo1,3,84263,60.8
cuckoo1,3,88537,65.7
cuckoo1,3,117964,6078.0
cuckoo1,3,167127,59.8
cuckoo1,3,184609,50.7
cuckoo1,3,202079,68.3
cuckoo1,3,218358,50.6
cuckoo1,3,235929,12666.3
cuckoo1,3,282864,52.3
cuckoo1,3,298883,66.2
cuckoo1,3,313950,57.6
cuckoo1,3,328987,51.8
cuckoo1,3,344693,54.4
cuckoo1,3,360156,63.3
cuckoo1,3,376224,51.4
cuckoo1,3,471859,26384.4
cuckoo1,3,533072,56.6
cuckoo1,3,667046,218.9
cuckoo1,3,804435,53.3
cuckoo1,3,940948,54.1
cuckoo1,3,943718,54619.2
cuckoo1,3,1141261,54.9
cuckoo1,3,1323834,50.4
cuckoo1,3,1354670,63.2
cuckoo1,3,1473152,68.3
cuckoo1,3,1575520,50.9
cuckoo1,3,1589295,57.0
cuckoo1,3,1589841,55.1
cuckoo1,3,1600944,60.1
cuckoo1,3,1624459,55.5
cuckoo1,3,1635651,72.0
cuckoo1,3,1661633,50.1
cuckoo1,3,1768049,50.4
cuckoo1,3,1887436,119611.5
cuckoo1,3,1934362,59.2
cuckoo1,3,2048089,77.3
cuckoo1,3,2291560,52.6
cuckoo1,3,2402314,60.2
cuckoo1,3,2511966,50.9
cuckoo1,3,2624372,50.7
cuckoo1,3,2734776,59.3
cuckoo1,3,2745592,108.6
cuckoo1,3,2755571,66.0
cuckoo1,3,2765901,64.3
cuckoo1,3,2786044,67.6
cuckoo1,3,2795807,64.0
cuckoo1,3,2815802,65.6
cuckoo1,3,2825716,120.6
cuckoo1,3,2835429,63.2
cuckoo1,3,2845386,79.3
cuckoo1,3,2855222,75.9
cuckoo1,3,2864667,50.9
cuckoo1,3,2874668,65.6
cuckoo1,3,2884985,64.3
cuckoo1,3,2887690,2088.2
cuckoo1,3,2889426,82.9
cuckoo1,3,2897039,70.4
cuckoo1,3,2899284,96.0
cuckoo1,3,2909379,52.2
cuckoo1,3,2918590,83.4
cuckoo1,3,2927795,84.5
cuckoo1,3,2937420,67.9
cuckoo1,3,2956410,82.3
cuckoo1,3,2965981,64.6
cuckoo1,3,2986132,74.4
cuckoo1,3,2995617,82.9
cuckoo1,3,3005240,61.7
cuckoo1,3,3070021,52.2
cuckoo1,3,3080258,71.7
cuckoo1,3,3101370,68.0
cuckoo1,3,3112185,62.6
cuckoo1,3,3122383,64.9
cuckoo1,3,3133026,86.7
cuckoo1,3,3143935,66.1
cuckoo1,3,3176947,58.5
cuckoo1,3,3199075,50.2
cuckoo1,3,3221791,63.1
cuckoo1,3,3231938,67.9
cuckoo1,3,3242602,50.0
cuckoo1,3,3276354,60.3
cuckoo1,3,3747964,58.8
cuckoo1,3,3750453,54.2
cuckoo1,3,3774873,492005.0
cuckoo1,3,3832369,52.7
cuckoo4,1,1843,79.6
cuckoo4,1,3686,152.7
cuckoo4,1,7372,318.0
cuckoo4,1,14745,625.5
cuckoo4,1,29491,1307.0
cuckoo4,1,58982,2885.0
cuckoo4,1,80705,75.8
cuckoo4,1,117964,6441.4
cuckoo4,1,235929,13891.0
cuckoo4,1,336260,52.6
cuckoo4,1,471859,31073.6
cuckoo4,1,542055,51.0
cuckoo4,1,661969,67.2
cuckoo4,1,779084,54.4
cuckoo4,1,821223,55.6
cuckoo4,1,907912,66.0
cuckoo4,1,934795,83.5
cuckoo4,1,943718,62207.7
cuckoo4,1,1189585,159.8
cuckoo4,1,1459897,50.3
cuckoo4,1,1777167,252.9
cuckoo4,1,1782515,903.8
cuckoo4,1,1782527,105.1
cuckoo4,1,1785353,57.0
cuckoo4,1,1791027,1074.7
cuckoo4,1,1791028,58.1
cuckoo4,1,1791030,86.2
cuckoo4,1,1791656,103.9
cuckoo4,1,1791868,52.7
cuckoo4,1,1794014,323.1
cuckoo4,1,1799747,110.0
cuckoo4,1,1799872,1029.2
cuckoo4,1,1799877,245.9
cuckoo4,1,1804549,101.7
cuckoo4,1,1804550,53.8
cuckoo4,1,1809446,135.2
cuckoo4,1,1819751,51.7
cuckoo4,1,1855041,55.8
cuckoo4,1,1887436,135883.3
cuckoo4,1,1947226,85.1
cuckoo4,1,1987746,52.4
cuckoo4,1,2102986,60.3
cuckoo4,1,2107584,77.5
cuckoo4,1,2218713,106.7
cuckoo4,1,2257088,77.8
cuckoo4,1,2418097,66.7
cuckoo4,1,2458433,50.7
cuckoo4,1,2518849,58.6
cuckoo4,1,2557095,61.6
cuckoo4,1,2628988,168.0
cuckoo4,1,2651753,50.1
cuckoo4,1,2669961,51.2
cuckoo4,1,2687496,60.5
cuckoo4,1,2719659,51.7
cuckoo4,1,2724049,80.8
cuckoo4,1,2852777,50.1
cuckoo4,1,3012455,54.1
cuckoo4,1,3154238,50.1
cuckoo4,1,3180685,54.4
cuckoo4,1,3180802,211.7
cuckoo4,1,3184203,70.0
cuckoo4,1,3384967,63.4
cuckoo4,1,3397778,67.3
cuckoo4,1,3411757,55.7
cuckoo4,1,3530958,51.2
cuckoo4,1,3639110,51.1
cuckoo4,1,3701061,50.2
cuckoo4,1,3727520,57.2
cuckoo4,1,3774873,289195.3
cuckoo4,1,3805920,55.8
cuckoo4,1,3822643,52.2
cuckoo4,1,3839337,52.7
cuckoo4,1,3856054,52.6
cuckoo4,1,3872562,53.6
cuckoo4,1,3904513,51.3
cuckoo4,1,3920379,52.4
cuckoo4,1,3935963,62.5
cuckoo4,1,3951142,54.5
cuckoo4,1,3966384,53.7
cuckoo4,1,3977919,96.1
cuckoo4,1,3981370,63.2
cuckoo4,2,1843,80.2
cuckoo4,2,3686,153.0
cuckoo4,2,7372,301.9
cuckoo4,2,14745,617.7
cuckoo4,2,29491,1316.3
cuckoo4,2,58982,2651.7
cuckoo4,2,117964,6076.9
cuckoo4,2,235929,13629.8
cuckoo4,2,302174,50.6
cuckoo4,2,471859,29225.0
cuckoo4,2,935571,60.3
cuckoo4,2,943718,60714.1
cuckoo4,2,945186,75.6
cuckoo4,2,1136565,74.7
cuckoo4,2,1255445,53.1
cuckoo4,2,1464812,50.6
cuckoo4,2,1507717,69.7
cuckoo4,2,1887436,126045.5
cuckoo4,2,1998559,52.0
cuckoo4,2,2034584,237.7
cuckoo4,2,2043055,52.9
cuckoo4,2,2768289,93.8
cuckoo4,2,2925034,79.0
cuckoo4,2,3079912,65.5
cuckoo4,2,3229636,68.7
cuckoo4,2,3366014,67.7
cuckoo4,2,3512791,50.5
cuckoo4,2,3756408,153.9
cuckoo4,2,3758181,52.8
cuckoo4,2,3758856,52.0
cuckoo4,2,3774873,540059.4
cuckoo4,2,3909259,62.8
cuckoo4,3,1843,79.3
cuckoo4,3,3686,151.7
cuckoo4,3,7372,379.8
cuckoo4,3,14745,657.2
cuckoo4,3,29491,1308.5
cuckoo4,3,58982,2717.3
cuckoo4,3,117964,6216.1
cuckoo4,3,193860,138.3
cuckoo4,3,197082,87.5
cuckoo4,3,235929,13600.5
cuckoo4,3,382975,59.5
cuckoo4,3,411441,50.5
cuckoo4,3,471859,29127.0
cuckoo4,3,690381,52.1
cuckoo4,3,734450,54.0
cuckoo4,3,877829,150.1
cuckoo4,3,881584,61.5
cuckoo4,3,923983,52.4
cuckoo4,3,933490,62.1
cuckoo4,3,943718,52357.6
cuckoo4,3,968400,62.4
cuckoo4,3,1041424,50.9
cuckoo4,3,1085780,75.4
cuckoo4,3,1115221,55.4
cuckoo4,3,1203651,84.1
cuckoo4,3,1207833,176.5
cuckoo4,3,1366648,66.9
cuckoo4,3,1379982,85.2
cuckoo4,3,1393932,54.5
cuckoo4,3,1439439,78.4
cuckoo4,3,1642399,50.4
cuckoo4,3,1694666,51.9
cuckoo4,3,1719659,51.5
cuckoo4,3,1731261,67.8
cuckoo4,3,1754500,54.3
cuckoo4,3,1786995,52.1
cuckoo4,3,1847351,73.0
cuckoo4,3,1865360,54.2
cuckoo4,3,1887436,103738.2
cuckoo4,3,1907578,56.8
cuckoo4,3,1967143,52.6
cuckoo4,3,2082885,62.3
cuckoo4,3,2097127,51.7
cuckoo4,3,2322111,50.6
cuckoo4,3,2362871,84.3
cuckoo4,3,2457389,50.6
cuckoo4,3,2470843,80.7
cuckoo4,3,2580632,77.9
cuckoo4,3,2694199,75.6
cuckoo4,3,2812612,77.2
cuckoo4,3,3044508,119.0
cuckoo4,3,3047520,77.2
cuckoo4,3,3087702,50.4
cuckoo4,3,3195387,51.1
cuckoo4,3,3208647,51.0
cuckoo4,3,3323778,50.4
cuckoo4,3,3450673,266.5
cuckoo4,3,3599817,51.6
cuckoo4,3,3609104,55.6
cuckoo4,3,3627340,50.1
cuckoo4,3,3680037,66.3
cuckoo4,3,3750299,64.3
cuckoo4,3,3774873,225707.7
cuckoo4,3,3795758,53.3
cuckoo4,3,3955936,50.5
