bucket_size,slots,load,kind,trial,ns_per_op
1,4194304,0.0500,hit,0,23.707
1,4194304,0.0500,miss,0,26.261
1,4194304,0.0500,hit,1,30.682
1,4194304,0.0500,miss,1,33.390
1,4194304,0.0500,hit,2,24.322
1,4194304,0.0500,miss,2,35.227
1,4194304,0.0500,hit,3,25.124
1,4194304,0.0500,miss,3,34.285
1,4194304,0.0500,hit,4,22.940
1,4194304,0.0500,miss,4,33.193
1,4194304,0.1000,hit,0,27.856
1,4194304,0.1000,miss,0,39.381
1,4194304,0.1000,hit,1,28.393
1,4194304,0.1000,miss,1,38.677
1,4194304,0.1000,hit,2,26.968
1,4194304,0.1000,miss,2,37.524
1,4194304,0.1000,hit,3,27.109
1,4194304,0.1000,miss,3,37.736
1,4194304,0.1000,hit,4,28.399
1,4194304,0.1000,miss,4,40.740
1,4194304,0.2000,hit,0,36.146
1,4194304,0.2000,miss,0,49.115
1,4194304,0.2000,hit,1,34.994
1,4194304,0.2000,miss,1,51.026
1,4194304,0.2000,hit,2,35.659
1,4194304,0.2000,miss,2,49.322
1,4194304,0.2000,hit,3,34.118
1,4194304,0.2000,miss,3,52.450
1,4194304,0.2000,hit,4,36.675
1,4194304,0.2000,miss,4,54.143
1,4194304,0.3000,hit,0,45.856
1,4194304,0.3000,miss,0,62.042
1,4194304,0.3000,hit,1,37.001
1,4194304,0.3000,miss,1,53.955
1,4194304,0.3000,hit,2,40.994
1,4194304,0.3000,miss,2,64.959
1,4194304,0.3000,hit,3,43.586
1,4194304,0.3000,miss,3,62.188
1,4194304,0.3000,hit,4,41.909
1,4194304,0.3000,miss,4,66.139
1,4194304,0.4000,hit,0,41.884
1,4194304,0.4000,miss,0,63.563
1,4194304,0.4000,hit,1,48.260
1,4194304,0.4000,miss,1,72.738
1,4194304,0.4000,hit,2,51.447
1,4194304,0.4000,miss,2,75.259
1,4194304,0.4000,hit,3,51.663
1,4194304,0.4000,miss,3,76.316
1,4194304,0.4000,hit,4,53.785
1,4194304,0.4000,miss,4,76.100
1,4194304,0.4500,hit,0,55.693
1,4194304,0.4500,miss,0,76.145
1,4194304,0.4500,hit,1,52.237
1,4194304,0.4500,miss,1,74.651
1,4194304,0.4500,hit,2,51.704
1,4194304,0.4500,miss,2,75.501
1,4194304,0.4500,hit,3,50.769
1,4194304,0.4500,miss,3,73.393
1,4194304,0.4500,hit,4,48.853
1,4194304,0.4500,miss,4,68.044
1,4194304,0.4900,hit,0,56.905
1,4194304,0.4900,miss,0,78.083
1,4194304,0.4900,hit,1,52.199
1,4194304,0.4900,miss,1,75.071
1,4194304,0.4900,hit,2,51.551
1,4194304,0.4900,miss,2,70.099
1,4194304,0.4900,hit,3,53.623
1,4194304,0.4900,miss,3,79.487
1,4194304,0.4900,hit,4,56.687
1,4194304,0.4900,miss,4,79.798
2,4194304,0.0500,hit,0,22.834
2,4194304,0.0500,miss,0,33.564
2,4194304,0.0500,hit,1,35.004
2,4194304,0.0500,miss,1,36.193
2,4194304,0.0500,hit,2,22.854
2,4194304,0.0500,miss,2,36.442
2,4194304,0.0500,hit,3,22.336
2,4194304,0.0500,miss,3,36.474
2,4194304,0.0500,hit,4,22.533
2,4194304,0.0500,miss,4,35.275
2,4194304,0.1000,hit,0,26.742
2,4194304,0.1000,miss,0,45.222
2,4194304,0.1000,hit,1,25.297
2,4194304,0.1000,miss,1,45.521
2,4194304,0.1000,hit,2,26.929
2,4194304,0.1000,miss,2,45.436
2,4194304,0.1000,hit,3,27.305
2,4194304,0.1000,miss,3,46.976
2,4194304,0.1000,hit,4,28.118
2,4194304,0.1000,miss,4,45.406
2,4194304,0.2000,hit,0,39.868
2,4194304,0.2000,miss,0,71.217
2,4194304,0.2000,hit,1,36.780
2,4194304,0.2000,miss,1,66.252
2,4194304,0.2000,hit,2,39.131
2,4194304,0.2000,miss,2,62.760
2,4194304,0.2000,hit,3,36.479
2,4194304,0.2000,miss,3,63.950
2,4194304,0.2000,hit,4,36.949
2,4194304,0.2000,miss,4,61.156
2,4194304,0.3000,hit,0,43.969
2,4194304,0.3000,miss,0,75.686
2,4194304,0.3000,hit,1,48.525
2,4194304,0.3000,miss,1,74.224
2,4194304,0.3000,hit,2,46.947
2,4194304,0.3000,miss,2,73.194
2,4194304,0.3000,hit,3,44.878
2,4194304,0.3000,miss,3,72.755
2,4194304,0.3000,hit,4,45.902
2,4194304,0.3000,miss,4,76.266
2,4194304,0.4000,hit,0,56.079
2,4194304,0.4000,miss,0,84.893
2,4194304,0.4000,hit,1,61.331
2,4194304,0.4000,miss,1,83.865
2,4194304,0.4000,hit,2,57.153
2,4194304,0.4000,miss,2,84.218
2,4194304,0.4000,hit,3,58.837
2,4194304,0.4000,miss,3,83.593
2,4194304,0.4000,hit,4,56.505
2,4194304,0.4000,miss,4,80.614
2,4194304,0.4500,hit,0,77.321
2,4194304,0.4500,miss,0,104.008
2,4194304,0.4500,hit,1,74.409
2,4194304,0.4500,miss,1,112.671
2,4194304,0.4500,hit,2,75.511
2,4194304,0.4500,miss,2,103.687
2,4194304,0.4500,hit,3,70.365
2,4194304,0.4500,miss,3,98.704
2,4194304,0.4500,hit,4,70.558
2,4194304,0.4500,miss,4,96.585
2,4194304,0.4900,hit,0,70.315
2,4194304,0.4900,miss,0,95.823
2,4194304,0.4900,hit,1,69.244
2,4194304,0.4900,miss,1,90.979
2,4194304,0.4900,hit,2,70.730
2,4194304,0.4900,miss,2,92.841
2,4194304,0.4900,hit,3,65.708
2,4194304,0.4900,miss,3,84.705
2,4194304,0.4900,hit,4,65.629
2,4194304,0.4900,miss,4,85.108
2,4194304,0.5500,hit,0,73.928
2,4194304,0.5500,miss,0,82.523
2,4194304,0.5500,hit,1,67.858
2,4194304,0.5500,miss,1,79.887
2,4194304,0.5500,hit,2,72.286
2,4194304,0.5500,miss,2,79.792
2,4194304,0.5500,hit,3,69.023
2,4194304,0.5500,miss,3,87.144
2,4194304,0.5500,hit,4,74.226
2,4194304,0.5500,miss,4,78.335
2,4194304,0.6000,hit,0,84.285
2,4194304,0.6000,miss,0,90.764
2,4194304,0.6000,hit,1,86.108
2,4194304,0.6000,miss,1,95.571
2,4194304,0.6000,hit,2,82.517
2,4194304,0.6000,miss,2,87.325
2,4194304,0.6000,hit,3,81.082
2,4194304,0.6000,miss,3,85.968
2,4194304,0.6000,hit,4,77.001
2,4194304,0.6000,miss,4,83.127
2,4194304,0.7000,hit,0,104.274
2,4194304,0.7000,miss,0,90.020
2,4194304,0.7000,hit,1,105.206
2,4194304,0.7000,miss,1,92.218
2,4194304,0.7000,hit,2,101.079
2,4194304,0.7000,miss,2,89.580
2,4194304,0.7000,hit,3,100.273
2,4194304,0.7000,miss,3,91.077
2,4194304,0.7000,hit,4,102.133
2,4194304,0.7000,miss,4,92.220
2,4194304,0.8000,hit,0,127.516
2,4194304,0.8000,miss,0,102.311
2,4194304,0.8000,hit,1,122.268
2,4194304,0.8000,miss,1,92.078
2,4194304,0.8000,hit,2,128.822
2,4194304,0.8000,miss,2,96.768
2,4194304,0.8000,hit,3,118.903
2,4194304,0.8000,miss,3,89.798
2,4194304,0.8000,hit,4,126.557
2,4194304,0.8000,miss,4,89.645
2,4194304,0.8500,hit,0,126.472
2,4194304,0.8500,miss,0,90.079
2,4194304,0.8500,hit,1,122.829
2,4194304,0.8500,miss,1,88.651
2,4194304,0.8500,hit,2,122.057
2,4194304,0.8500,miss,2,90.693
2,4194304,0.8500,hit,3,122.281
2,4194304,0.8500,miss,3,92.283
2,4194304,0.8500,hit,4,126.490
2,4194304,0.8500,miss,4,89.537
4,4194304,0.0500,hit,0,26.014
4,4194304,0.0500,miss,0,71.530
4,4194304,0.0500,hit,1,31.011
4,4194304,0.0500,miss,1,62.810
4,4194304,0.0500,hit,2,23.747
4,4194304,0.0500,miss,2,63.975
4,4194304,0.0500,hit,3,24.540
4,4194304,0.0500,miss,3,67.316
4,4194304,0.0500,hit,4,24.477
4,4194304,0.0500,miss,4,67.778
4,4194304,0.1000,hit,0,30.614
4,4194304,0.1000,miss,0,80.356
4,4194304,0.1000,hit,1,29.956
4,4194304,0.1000,miss,1,77.814
4,4194304,0.1000,hit,2,30.107
4,4194304,0.1000,miss,2,76.923
4,4194304,0.1000,hit,3,29.447
4,4194304,0.1000,miss,3,82.154
4,4194304,0.1000,hit,4,30.398
4,4194304,0.1000,miss,4,82.533
4,4194304,0.2000,hit,0,49.600
4,4194304,0.2000,miss,0,107.284
4,4194304,0.2000,hit,1,45.454
4,4194304,0.2000,miss,1,114.808
4,4194304,0.2000,hit,2,45.432
4,4194304,0.2000,miss,2,106.768
4,4194304,0.2000,hit,3,52.698
4,4194304,0.2000,miss,3,120.001
4,4194304,0.2000,hit,4,51.455
4,4194304,0.2000,miss,4,118.279
4,4194304,0.3000,hit,0,75.379
4,4194304,0.3000,miss,0,138.044
4,4194304,0.3000,hit,1,72.205
4,4194304,0.3000,miss,1,133.799
4,4194304,0.3000,hit,2,68.997
4,4194304,0.3000,miss,2,123.167
4,4194304,0.3000,hit,3,64.998
4,4194304,0.3000,miss,3,120.580
4,4194304,0.3000,hit,4,75.365
4,4194304,0.3000,miss,4,125.098
4,4194304,0.4000,hit,0,104.294
4,4194304,0.4000,miss,0,138.033
4,4194304,0.4000,hit,1,102.262
4,4194304,0.4000,miss,1,136.421
4,4194304,0.4000,hit,2,102.022
4,4194304,0.4000,miss,2,133.767
4,4194304,0.4000,hit,3,101.709
4,4194304,0.4000,miss,3,129.069
4,4194304,0.4000,hit,4,102.277
4,4194304,0.4000,miss,4,132.624
4,4194304,0.4500,hit,0,131.933
4,4194304,0.4500,miss,0,135.203
4,4194304,0.4500,hit,1,131.893
4,4194304,0.4500,miss,1,138.407
4,4194304,0.4500,hit,2,131.881
4,4194304,0.4500,miss,2,137.379
4,4194304,0.4500,hit,3,133.818
4,4194304,0.4500,miss,3,138.747
4,4194304,0.4500,hit,4,130.576
4,4194304,0.4500,miss,4,143.172
4,4194304,0.4900,hit,0,164.757
4,4194304,0.4900,miss,0,141.497
4,4194304,0.4900,hit,1,162.275
4,4194304,0.4900,miss,1,140.752
4,4194304,0.4900,hit,2,162.119
4,4194304,0.4900,miss,2,145.432
4,4194304,0.4900,hit,3,167.609
4,4194304,0.4900,miss,3,154.371
4,4194304,0.4900,hit,4,173.337
4,4194304,0.4900,miss,4,146.984
4,4194304,0.5500,hit,0,177.526
4,4194304,0.5500,miss,0,138.313
4,4194304,0.5500,hit,1,188.520
4,4194304,0.5500,miss,1,138.133
4,4194304,0.5500,hit,2,173.047
4,4194304,0.5500,miss,2,130.873
4,4194304,0.5500,hit,3,177.099
4,4194304,0.5500,miss,3,139.426
4,4194304,0.5500,hit,4,184.753
4,4194304,0.5500,miss,4,134.837
4,4194304,0.6000,hit,0,191.757
4,4194304,0.6000,miss,0,138.934
4,4194304,0.6000,hit,1,181.168
4,4194304,0.6000,miss,1,141.027
4,4194304,0.6000,hit,2,176.474
4,4194304,0.6000,miss,2,124.362
4,4194304,0.6000,hit,3,178.829
4,4194304,0.6000,miss,3,131.903
4,4194304,0.6000,hit,4,194.923
4,4194304,0.6000,miss,4,129.982
4,4194304,0.7000,hit,0,206.554
4,4194304,0.7000,miss,0,138.546
4,4194304,0.7000,hit,1,202.503
4,4194304,0.7000,miss,1,140.286
4,4194304,0.7000,hit,2,212.258
4,4194304,0.7000,miss,2,140.046
4,4194304,0.7000,hit,3,202.313
4,4194304,0.7000,miss,3,138.182
4,4194304,0.7000,hit,4,204.383
4,4194304,0.7000,miss,4,136.399
4,4194304,0.8000,hit,0,210.550
4,4194304,0.8000,miss,0,142.028
4,4194304,0.8000,hit,1,209.789
4,4194304,0.8000,miss,1,138.517
4,4194304,0.8000,hit,2,206.469
4,4194304,0.8000,miss,2,139.527
4,4194304,0.8000,hit,3,209.064
4,4194304,0.8000,miss,3,145.248
4,4194304,0.8000,hit,4,212.431
4,4194304,0.8000,miss,4,142.632
4,4194304,0.8500,hit,0,208.340
4,4194304,0.8500,miss,0,138.210
4,4194304,0.8500,hit,1,207.033
4,4194304,0.8500,miss,1,141.417
4,4194304,0.8500,hit,2,211.274
4,4194304,0.8500,miss,2,135.169
4,4194304,0.8500,hit,3,206.705
4,4194304,0.8500,miss,3,136.025
4,4194304,0.8500,hit,4,210.296
4,4194304,0.8500,miss,4,156.027
4,4194304,0.9000,hit,0,213.861
4,4194304,0.9000,miss,0,142.218
4,4194304,0.9000,hit,1,227.496
4,4194304,0.9000,miss,1,145.873
4,4194304,0.9000,hit,2,223.724
4,4194304,0.9000,miss,2,147.868
4,4194304,0.9000,hit,3,219.917
4,4194304,0.9000,miss,3,138.576
4,4194304,0.9000,hit,4,219.695
4,4194304,0.9000,miss,4,141.853
4,4194304,0.9500,hit,0,224.406
4,4194304,0.9500,miss,0,141.619
4,4194304,0.9500,hit,1,221.774
4,4194304,0.9500,miss,1,135.670
4,4194304,0.9500,hit,2,217.440
4,4194304,0.9500,miss,2,139.040
4,4194304,0.9500,hit,3,212.680
4,4194304,0.9500,miss,3,139.424
4,4194304,0.9500,hit,4,223.913
4,4194304,0.9500,miss,4,159.342
