impl,dist,n,kind,trial,ns_per_op
hashmap,random,1024,hit,0,6.506
hashmap,random,1024,miss,0,7.737
hashmap,random,1024,hit,1,6.394
hashmap,random,1024,miss,1,7.628
hashmap,random,1024,hit,2,6.419
hashmap,random,1024,miss,2,7.706
hashmap,random,1024,hit,3,6.429
hashmap,random,1024,miss,3,7.697
hashmap,random,1024,hit,4,6.498
hashmap,random,1024,miss,4,7.822
hashmap,random,1024,hit,5,6.459
hashmap,random,1024,miss,5,7.767
hashmap,random,1024,hit,6,6.483
hashmap,random,1024,miss,6,7.649
hashmap,random,4096,hit,0,7.162
hashmap,random,4096,miss,0,8.973
hashmap,random,4096,hit,1,7.245
hashmap,random,4096,miss,1,9.036
hashmap,random,4096,hit,2,7.145
hashmap,random,4096,miss,2,9.043
hashmap,random,4096,hit,3,7.100
hashmap,random,4096,miss,3,9.116
hashmap,random,4096,hit,4,7.272
hashmap,random,4096,miss,4,9.012
hashmap,random,4096,hit,5,7.191
hashmap,random,4096,miss,5,9.148
hashmap,random,4096,hit,6,7.187
hashmap,random,4096,miss,6,9.173
hashmap,random,16384,hit,0,8.491
hashmap,random,16384,miss,0,9.839
hashmap,random,16384,hit,1,8.349
hashmap,random,16384,miss,1,9.966
hashmap,random,16384,hit,2,8.957
hashmap,random,16384,miss,2,10.042
hashmap,random,16384,hit,3,8.422
hashmap,random,16384,miss,3,9.887
hashmap,random,16384,hit,4,8.875
hashmap,random,16384,miss,4,9.848
hashmap,random,16384,hit,5,8.128
hashmap,random,16384,miss,5,9.716
hashmap,random,16384,hit,6,8.173
hashmap,random,16384,miss,6,9.867
hashmap,random,65536,hit,0,12.926
hashmap,random,65536,miss,0,11.886
hashmap,random,65536,hit,1,12.478
hashmap,random,65536,miss,1,11.590
hashmap,random,65536,hit,2,12.380
hashmap,random,65536,miss,2,11.681
hashmap,random,65536,hit,3,12.549
hashmap,random,65536,miss,3,11.760
hashmap,random,65536,hit,4,12.911
hashmap,random,65536,miss,4,11.825
hashmap,random,65536,hit,5,19.451
hashmap,random,65536,miss,5,11.754
hashmap,random,65536,hit,6,12.593
hashmap,random,65536,miss,6,16.658
hashmap,random,262144,hit,0,18.936
hashmap,random,262144,miss,0,15.504
hashmap,random,262144,hit,1,18.611
hashmap,random,262144,miss,1,15.612
hashmap,random,262144,hit,2,20.126
hashmap,random,262144,miss,2,15.754
hashmap,random,262144,hit,3,18.757
hashmap,random,262144,miss,3,15.484
hashmap,random,262144,hit,4,18.679
hashmap,random,262144,miss,4,15.952
hashmap,random,262144,hit,5,19.130
hashmap,random,262144,miss,5,15.876
hashmap,random,262144,hit,6,18.947
hashmap,random,262144,miss,6,15.999
hashmap,random,1048576,hit,0,47.164
hashmap,random,1048576,miss,0,32.415
hashmap,random,1048576,hit,1,48.540
hashmap,random,1048576,miss,1,27.794
hashmap,random,1048576,hit,2,38.592
hashmap,random,1048576,miss,2,28.318
hashmap,random,1048576,hit,3,42.465
hashmap,random,1048576,miss,3,28.594
hashmap,random,1048576,hit,4,40.401
hashmap,random,1048576,miss,4,29.990
hashmap,random,1048576,hit,5,41.936
hashmap,random,1048576,miss,5,29.632
hashmap,random,1048576,hit,6,44.342
hashmap,random,1048576,miss,6,29.643
hashmap,random,4194304,hit,0,67.829
hashmap,random,4194304,miss,0,41.509
hashmap,random,4194304,hit,1,65.816
hashmap,random,4194304,miss,1,46.477
hashmap,random,4194304,hit,2,68.440
hashmap,random,4194304,miss,2,44.294
hashmap,random,4194304,hit,3,64.385
hashmap,random,4194304,miss,3,43.346
hashmap,random,4194304,hit,4,65.773
hashmap,random,4194304,miss,4,41.158
hashmap,random,4194304,hit,5,60.694
hashmap,random,4194304,miss,5,42.748
hashmap,random,4194304,hit,6,68.788
hashmap,random,4194304,miss,6,46.800
hashmap,random,8388608,hit,0,74.985
hashmap,random,8388608,miss,0,48.555
hashmap,random,8388608,hit,1,74.484
hashmap,random,8388608,miss,1,49.440
hashmap,random,8388608,hit,2,76.034
hashmap,random,8388608,miss,2,50.191
hashmap,random,8388608,hit,3,76.598
hashmap,random,8388608,miss,3,48.641
hashmap,random,8388608,hit,4,77.408
hashmap,random,8388608,miss,4,47.944
hashmap,random,8388608,hit,5,73.813
hashmap,random,8388608,miss,5,47.031
hashmap,random,8388608,hit,6,74.120
hashmap,random,8388608,miss,6,48.251
cuckoo1,random,1024,hit,0,9.263
cuckoo1,random,1024,miss,0,15.784
cuckoo1,random,1024,hit,1,9.793
cuckoo1,random,1024,miss,1,15.720
cuckoo1,random,1024,hit,2,8.974
cuckoo1,random,1024,miss,2,15.977
cuckoo1,random,1024,hit,3,8.963
cuckoo1,random,1024,miss,3,15.740
cuckoo1,random,1024,hit,4,9.393
cuckoo1,random,1024,miss,4,15.952
cuckoo1,random,1024,hit,5,9.171
cuckoo1,random,1024,miss,5,15.904
cuckoo1,random,1024,hit,6,9.198
cuckoo1,random,1024,miss,6,15.873
cuckoo1,random,4096,hit,0,10.063
cuckoo1,random,4096,miss,0,17.579
cuckoo1,random,4096,hit,1,10.387
cuckoo1,random,4096,miss,1,18.218
cuckoo1,random,4096,hit,2,10.286
cuckoo1,random,4096,miss,2,18.504
cuckoo1,random,4096,hit,3,10.151
cuckoo1,random,4096,miss,3,18.185
cuckoo1,random,4096,hit,4,10.230
cuckoo1,random,4096,miss,4,18.446
cuckoo1,random,4096,hit,5,10.039
cuckoo1,random,4096,miss,5,17.551
cuckoo1,random,4096,hit,6,9.949
cuckoo1,random,4096,miss,6,17.898
cuckoo1,random,16384,hit,0,11.165
cuckoo1,random,16384,miss,0,18.934
cuckoo1,random,16384,hit,1,10.983
cuckoo1,random,16384,miss,1,18.581
cuckoo1,random,16384,hit,2,11.011
cuckoo1,random,16384,miss,2,18.870
cuckoo1,random,16384,hit,3,11.200
cuckoo1,random,16384,miss,3,19.201
cuckoo1,random,16384,hit,4,11.099
cuckoo1,random,16384,miss,4,18.682
cuckoo1,random,16384,hit,5,10.866
cuckoo1,random,16384,miss,5,19.789
cuckoo1,random,16384,hit,6,11.188
cuckoo1,random,16384,miss,6,18.529
cuckoo1,random,65536,hit,0,17.722
cuckoo1,random,65536,miss,0,23.920
cuckoo1,random,65536,hit,1,18.380
cuckoo1,random,65536,miss,1,24.553
cuckoo1,random,65536,hit,2,18.119
cuckoo1,random,65536,miss,2,23.820
cuckoo1,random,65536,hit,3,17.629
cuckoo1,random,65536,miss,3,23.536
cuckoo1,random,65536,hit,4,17.955
cuckoo1,random,65536,miss,4,24.554
cuckoo1,random,65536,hit,5,18.023
cuckoo1,random,65536,miss,5,25.684
cuckoo1,random,65536,hit,6,17.869
cuckoo1,random,65536,miss,6,23.960
cuckoo1,random,262144,hit,0,27.493
cuckoo1,random,262144,miss,0,33.966
cuckoo1,random,262144,hit,1,27.337
cuckoo1,random,262144,miss,1,33.685
cuckoo1,random,262144,hit,2,27.287
cuckoo1,random,262144,miss,2,33.726
cuckoo1,random,262144,hit,3,27.298
cuckoo1,random,262144,miss,3,34.216
cuckoo1,random,262144,hit,4,28.050
cuckoo1,random,262144,miss,4,34.114
cuckoo1,random,262144,hit,5,32.167
cuckoo1,random,262144,miss,5,34.590
cuckoo1,random,262144,hit,6,27.558
cuckoo1,random,262144,miss,6,34.470
cuckoo1,random,1048576,hit,0,48.999
cuckoo1,random,1048576,miss,0,58.765
cuckoo1,random,1048576,hit,1,52.379
cuckoo1,random,1048576,miss,1,60.607
cuckoo1,random,1048576,hit,2,56.047
cuckoo1,random,1048576,miss,2,55.783
cuckoo1,random,1048576,hit,3,50.907
cuckoo1,random,1048576,miss,3,58.011
cuckoo1,random,1048576,hit,4,51.133
cuckoo1,random,1048576,miss,4,54.436
cuckoo1,random,1048576,hit,5,48.855
cuckoo1,random,1048576,miss,5,57.029
cuckoo1,random,1048576,hit,6,52.005
cuckoo1,random,1048576,miss,6,58.998
cuckoo1,random,4194304,hit,0,86.425
cuckoo1,random,4194304,miss,0,101.868
cuckoo1,random,4194304,hit,1,89.155
cuckoo1,random,4194304,miss,1,104.558
cuckoo1,random,4194304,hit,2,86.987
cuckoo1,random,4194304,miss,2,109.220
cuckoo1,random,4194304,hit,3,97.668
cuckoo1,random,4194304,miss,3,114.599
cuckoo1,random,4194304,hit,4,93.435
cuckoo1,random,4194304,miss,4,108.528
cuckoo1,random,4194304,hit,5,90.587
cuckoo1,random,4194304,miss,5,105.883
cuckoo1,random,4194304,hit,6,87.556
cuckoo1,random,4194304,miss,6,102.404
cuckoo1,random,8388608,hit,0,94.662
cuckoo1,random,8388608,miss,0,112.422
cuckoo1,random,8388608,hit,1,104.125
cuckoo1,random,8388608,miss,1,115.053
cuckoo1,random,8388608,hit,2,99.206
cuckoo1,random,8388608,miss,2,113.405
cuckoo1,random,8388608,hit,3,97.711
cuckoo1,random,8388608,miss,3,113.389
cuckoo1,random,8388608,hit,4,95.705
cuckoo1,random,8388608,miss,4,112.917
cuckoo1,random,8388608,hit,5,97.200
cuckoo1,random,8388608,miss,5,114.427
cuckoo1,random,8388608,hit,6,96.398
cuckoo1,random,8388608,miss,6,113.848
cuckoo4,random,1024,hit,0,24.164
cuckoo4,random,1024,miss,0,34.862
cuckoo4,random,1024,hit,1,23.711
cuckoo4,random,1024,miss,1,34.061
cuckoo4,random,1024,hit,2,22.744
cuckoo4,random,1024,miss,2,33.648
cuckoo4,random,1024,hit,3,22.846
cuckoo4,random,1024,miss,3,34.241
cuckoo4,random,1024,hit,4,23.902
cuckoo4,random,1024,miss,4,35.739
cuckoo4,random,1024,hit,5,24.018
cuckoo4,random,1024,miss,5,35.004
cuckoo4,random,1024,hit,6,23.959
cuckoo4,random,1024,miss,6,34.221
cuckoo4,random,4096,hit,0,25.251
cuckoo4,random,4096,miss,0,35.159
cuckoo4,random,4096,hit,1,23.572
cuckoo4,random,4096,miss,1,39.758
cuckoo4,random,4096,hit,2,25.668
cuckoo4,random,4096,miss,2,35.584
cuckoo4,random,4096,hit,3,24.396
cuckoo4,random,4096,miss,3,37.252
cuckoo4,random,4096,hit,4,25.761
cuckoo4,random,4096,miss,4,36.855
cuckoo4,random,4096,hit,5,26.029
cuckoo4,random,4096,miss,5,36.376
cuckoo4,random,4096,hit,6,25.022
cuckoo4,random,4096,miss,6,36.046
cuckoo4,random,16384,hit,0,27.251
cuckoo4,random,16384,miss,0,39.004
cuckoo4,random,16384,hit,1,27.306
cuckoo4,random,16384,miss,1,39.170
cuckoo4,random,16384,hit,2,27.406
cuckoo4,random,16384,miss,2,39.028
cuckoo4,random,16384,hit,3,27.320
cuckoo4,random,16384,miss,3,39.143
cuckoo4,random,16384,hit,4,27.413
cuckoo4,random,16384,miss,4,38.888
cuckoo4,random,16384,hit,5,27.412
cuckoo4,random,16384,miss,5,39.031
cuckoo4,random,16384,hit,6,27.588
cuckoo4,random,16384,miss,6,42.314
cuckoo4,random,65536,hit,0,33.347
cuckoo4,random,65536,miss,0,43.761
cuckoo4,random,65536,hit,1,33.945
cuckoo4,random,65536,miss,1,43.022
cuckoo4,random,65536,hit,2,34.214
cuckoo4,random,65536,miss,2,44.927
cuckoo4,random,65536,hit,3,33.363
cuckoo4,random,65536,miss,3,43.071
cuckoo4,random,65536,hit,4,33.243
cuckoo4,random,65536,miss,4,43.140
cuckoo4,random,65536,hit,5,33.542
cuckoo4,random,65536,miss,5,43.493
cuckoo4,random,65536,hit,6,33.879
cuckoo4,random,65536,miss,6,43.713
cuckoo4,random,262144,hit,0,57.649
cuckoo4,random,262144,miss,0,58.680
cuckoo4,random,262144,hit,1,56.160
cuckoo4,random,262144,miss,1,60.498
cuckoo4,random,262144,hit,2,56.624
cuckoo4,random,262144,miss,2,60.666
cuckoo4,random,262144,hit,3,57.289
cuckoo4,random,262144,miss,3,59.139
cuckoo4,random,262144,hit,4,56.275
cuckoo4,random,262144,miss,4,59.720
cuckoo4,random,262144,hit,5,55.929
cuckoo4,random,262144,miss,5,59.248
cuckoo4,random,262144,hit,6,56.440
cuckoo4,random,262144,miss,6,58.307
cuckoo4,random,1048576,hit,0,146.136
cuckoo4,random,1048576,miss,0,95.298
cuckoo4,random,1048576,hit,1,157.669
cuckoo4,random,1048576,miss,1,97.634
cuckoo4,random,1048576,hit,2,149.619
cuckoo4,random,1048576,miss,2,111.560
cuckoo4,random,1048576,hit,3,164.328
cuckoo4,random,1048576,miss,3,91.473
cuckoo4,random,1048576,hit,4,156.916
cuckoo4,random,1048576,miss,4,93.666
cuckoo4,random,1048576,hit,5,160.211
cuckoo4,random,1048576,miss,5,95.704
cuckoo4,random,1048576,hit,6,160.690
cuckoo4,random,1048576,miss,6,98.996
cuckoo4,random,4194304,hit,0,208.141
cuckoo4,random,4194304,miss,0,127.789
cuckoo4,random,4194304,hit,1,201.596
cuckoo4,random,4194304,miss,1,151.528
cuckoo4,random,4194304,hit,2,193.017
cuckoo4,random,4194304,miss,2,132.303
cuckoo4,random,4194304,hit,3,203.830
cuckoo4,random,4194304,miss,3,130.810
cuckoo4,random,4194304,hit,4,184.655
cuckoo4,random,4194304,miss,4,137.885
cuckoo4,random,4194304,hit,5,192.594
cuckoo4,random,4194304,miss,5,128.347
cuckoo4,random,4194304,hit,6,189.345
cuckoo4,random,4194304,miss,6,125.539
cuckoo4,random,8388608,hit,0,277.524
cuckoo4,random,8388608,miss,0,159.069
cuckoo4,random,8388608,hit,1,263.578
cuckoo4,random,8388608,miss,1,152.509
cuckoo4,random,8388608,hit,2,257.925
cuckoo4,random,8388608,miss,2,155.760
cuckoo4,random,8388608,hit,3,268.218
cuckoo4,random,8388608,miss,3,159.776
cuckoo4,random,8388608,hit,4,260.494
cuckoo4,random,8388608,miss,4,156.623
cuckoo4,random,8388608,hit,5,276.693
cuckoo4,random,8388608,miss,5,155.123
cuckoo4,random,8388608,hit,6,282.893
cuckoo4,random,8388608,miss,6,162.962
hashmap,sequential,1024,hit,0,1.839
hashmap,sequential,1024,miss,0,0.824
hashmap,sequential,1024,hit,1,1.929
hashmap,sequential,1024,miss,1,0.855
hashmap,sequential,1024,hit,2,1.826
hashmap,sequential,1024,miss,2,0.816
hashmap,sequential,1024,hit,3,1.800
hashmap,sequential,1024,miss,3,0.784
hashmap,sequential,1024,hit,4,1.766
hashmap,sequential,1024,miss,4,0.783
hashmap,sequential,1024,hit,5,1.792
hashmap,sequential,1024,miss,5,0.870
hashmap,sequential,1024,hit,6,1.821
hashmap,sequential,1024,miss,6,0.819
hashmap,sequential,4096,hit,0,1.802
hashmap,sequential,4096,miss,0,0.867
hashmap,sequential,4096,hit,1,1.799
hashmap,sequential,4096,miss,1,0.846
hashmap,sequential,4096,hit,2,1.799
hashmap,sequential,4096,miss,2,0.856
hashmap,sequential,4096,hit,3,1.799
hashmap,sequential,4096,miss,3,0.844
hashmap,sequential,4096,hit,4,1.848
hashmap,sequential,4096,miss,4,0.881
hashmap,sequential,4096,hit,5,1.799
hashmap,sequential,4096,miss,5,0.839
hashmap,sequential,4096,hit,6,1.821
hashmap,sequential,4096,miss,6,0.853
hashmap,sequential,16384,hit,0,1.809
hashmap,sequential,16384,miss,0,0.926
hashmap,sequential,16384,hit,1,1.844
hashmap,sequential,16384,miss,1,0.870
hashmap,sequential,16384,hit,2,1.828
hashmap,sequential,16384,miss,2,0.878
hashmap,sequential,16384,hit,3,1.818
hashmap,sequential,16384,miss,3,0.870
hashmap,sequential,16384,hit,4,1.823
hashmap,sequential,16384,miss,4,0.884
hashmap,sequential,16384,hit,5,1.839
hashmap,sequential,16384,miss,5,0.874
hashmap,sequential,16384,hit,6,1.790
hashmap,sequential,16384,miss,6,0.880
hashmap,sequential,65536,hit,0,2.132
hashmap,sequential,65536,miss,0,0.912
hashmap,sequential,65536,hit,1,2.133
hashmap,sequential,65536,miss,1,0.906
hashmap,sequential,65536,hit,2,2.207
hashmap,sequential,65536,miss,2,0.910
hashmap,sequential,65536,hit,3,2.070
hashmap,sequential,65536,miss,3,0.917
hashmap,sequential,65536,hit,4,2.149
hashmap,sequential,65536,miss,4,0.939
hashmap,sequential,65536,hit,5,2.087
hashmap,sequential,65536,miss,5,0.914
hashmap,sequential,65536,hit,6,2.169
hashmap,sequential,65536,miss,6,0.942
hashmap,sequential,262144,hit,0,2.194
hashmap,sequential,262144,miss,0,1.007
hashmap,sequential,262144,hit,1,2.137
hashmap,sequential,262144,miss,1,1.017
hashmap,sequential,262144,hit,2,2.118
hashmap,sequential,262144,miss,2,1.020
hashmap,sequential,262144,hit,3,2.127
hashmap,sequential,262144,miss,3,1.005
hashmap,sequential,262144,hit,4,2.133
hashmap,sequential,262144,miss,4,1.010
hashmap,sequential,262144,hit,5,2.293
hashmap,sequential,262144,miss,5,1.030
hashmap,sequential,262144,hit,6,2.162
hashmap,sequential,262144,miss,6,1.023
hashmap,sequential,1048576,hit,0,3.298
hashmap,sequential,1048576,miss,0,1.884
hashmap,sequential,1048576,hit,1,3.383
hashmap,sequential,1048576,miss,1,1.906
hashmap,sequential,1048576,hit,2,3.313
hashmap,sequential,1048576,miss,2,1.890
hashmap,sequential,1048576,hit,3,3.294
hashmap,sequential,1048576,miss,3,1.891
hashmap,sequential,1048576,hit,4,3.323
hashmap,sequential,1048576,miss,4,1.919
hashmap,sequential,1048576,hit,5,3.461
hashmap,sequential,1048576,miss,5,2.027
hashmap,sequential,1048576,hit,6,3.609
hashmap,sequential,1048576,miss,6,2.017
hashmap,sequential,4194304,hit,0,6.826
hashmap,sequential,4194304,miss,0,3.497
hashmap,sequential,4194304,hit,1,6.813
hashmap,sequential,4194304,miss,1,3.528
hashmap,sequential,4194304,hit,2,6.742
hashmap,sequential,4194304,miss,2,3.533
hashmap,sequential,4194304,hit,3,6.785
hashmap,sequential,4194304,miss,3,3.506
hashmap,sequential,4194304,hit,4,6.747
hashmap,sequential,4194304,miss,4,3.515
hashmap,sequential,4194304,hit,5,6.797
hashmap,sequential,4194304,miss,5,3.508
hashmap,sequential,4194304,hit,6,6.900
hashmap,sequential,4194304,miss,6,3.497
hashmap,sequential,8388608,hit,0,7.047
hashmap,sequential,8388608,miss,0,3.963
hashmap,sequential,8388608,hit,1,7.029
hashmap,sequential,8388608,miss,1,3.975
hashmap,sequential,8388608,hit,2,7.078
hashmap,sequential,8388608,miss,2,4.026
hashmap,sequential,8388608,hit,3,7.329
hashmap,sequential,8388608,miss,3,3.973
hashmap,sequential,8388608,hit,4,7.137
hashmap,sequential,8388608,miss,4,4.000
hashmap,sequential,8388608,hit,5,7.100
hashmap,sequential,8388608,miss,5,3.972
hashmap,sequential,8388608,hit,6,7.129
hashmap,sequential,8388608,miss,6,4.067
cuckoo1,sequential,1024,hit,0,8.381
cuckoo1,sequential,1024,miss,0,6.825
cuckoo1,sequential,1024,hit,1,7.754
cuckoo1,sequential,1024,miss,1,6.763
cuckoo1,sequential,1024,hit,2,7.668
cuckoo1,sequential,1024,miss,2,6.243
cuckoo1,sequential,1024,hit,3,7.301
cuckoo1,sequential,1024,miss,3,6.114
cuckoo1,sequential,1024,hit,4,7.385
cuckoo1,sequential,1024,miss,4,6.185
cuckoo1,sequential,1024,hit,5,7.387
cuckoo1,sequential,1024,miss,5,6.616
cuckoo1,sequential,1024,hit,6,7.363
cuckoo1,sequential,1024,miss,6,6.117
cuckoo1,sequential,4096,hit,0,9.811
cuckoo1,sequential,4096,miss,0,7.263
cuckoo1,sequential,4096,hit,1,9.684
cuckoo1,sequential,4096,miss,1,7.003
cuckoo1,sequential,4096,hit,2,9.466
cuckoo1,sequential,4096,miss,2,7.045
cuckoo1,sequential,4096,hit,3,9.392
cuckoo1,sequential,4096,miss,3,6.851
cuckoo1,sequential,4096,hit,4,9.555
cuckoo1,sequential,4096,miss,4,6.767
cuckoo1,sequential,4096,hit,5,9.563
cuckoo1,sequential,4096,miss,5,6.679
cuckoo1,sequential,4096,hit,6,9.710
cuckoo1,sequential,4096,miss,6,7.631
cuckoo1,sequential,16384,hit,0,11.183
cuckoo1,sequential,16384,miss,0,14.937
cuckoo1,sequential,16384,hit,1,10.969
cuckoo1,sequential,16384,miss,1,14.532
cuckoo1,sequential,16384,hit,2,10.745
cuckoo1,sequential,16384,miss,2,14.916
cuckoo1,sequential,16384,hit,3,10.987
cuckoo1,sequential,16384,miss,3,14.104
cuckoo1,sequential,16384,hit,4,10.207
cuckoo1,sequential,16384,miss,4,13.618
cuckoo1,sequential,16384,hit,5,10.313
cuckoo1,sequential,16384,miss,5,13.873
cuckoo1,sequential,16384,hit,6,10.166
cuckoo1,sequential,16384,miss,6,13.371
cuckoo1,sequential,65536,hit,0,13.847
cuckoo1,sequential,65536,miss,0,20.573
cuckoo1,sequential,65536,hit,1,15.087
cuckoo1,sequential,65536,miss,1,20.615
cuckoo1,sequential,65536,hit,2,15.083
cuckoo1,sequential,65536,miss,2,19.696
cuckoo1,sequential,65536,hit,3,15.592
cuckoo1,sequential,65536,miss,3,19.942
cuckoo1,sequential,65536,hit,4,15.112
cuckoo1,sequential,65536,miss,4,21.510
cuckoo1,sequential,65536,hit,5,16.035
cuckoo1,sequential,65536,miss,5,20.788
cuckoo1,sequential,65536,hit,6,14.695
cuckoo1,sequential,65536,miss,6,19.382
cuckoo1,sequential,262144,hit,0,19.785
cuckoo1,sequential,262144,miss,0,26.595
cuckoo1,sequential,262144,hit,1,19.352
cuckoo1,sequential,262144,miss,1,26.573
cuckoo1,sequential,262144,hit,2,19.493
cuckoo1,sequential,262144,miss,2,26.173
cuckoo1,sequential,262144,hit,3,18.701
cuckoo1,sequential,262144,miss,3,25.885
cuckoo1,sequential,262144,hit,4,19.060
cuckoo1,sequential,262144,miss,4,25.640
cuckoo1,sequential,262144,hit,5,19.574
cuckoo1,sequential,262144,miss,5,25.291
cuckoo1,sequential,262144,hit,6,19.412
cuckoo1,sequential,262144,miss,6,25.785
cuckoo1,sequential,1048576,hit,0,35.188
cuckoo1,sequential,1048576,miss,0,40.872
cuckoo1,sequential,1048576,hit,1,36.995
cuckoo1,sequential,1048576,miss,1,35.666
cuckoo1,sequential,1048576,hit,2,36.139
cuckoo1,sequential,1048576,miss,2,40.248
cuckoo1,sequential,1048576,hit,3,38.703
cuckoo1,sequential,1048576,miss,3,37.622
cuckoo1,sequential,1048576,hit,4,35.474
cuckoo1,sequential,1048576,miss,4,39.480
cuckoo1,sequential,1048576,hit,5,36.165
cuckoo1,sequential,1048576,miss,5,38.632
cuckoo1,sequential,1048576,hit,6,38.477
cuckoo1,sequential,1048576,miss,6,37.984
cuckoo1,sequential,4194304,hit,0,75.366
cuckoo1,sequential,4194304,miss,0,63.320
cuckoo1,sequential,4194304,hit,1,72.802
cuckoo1,sequential,4194304,miss,1,68.274
cuckoo1,sequential,4194304,hit,2,73.362
cuckoo1,sequential,4194304,miss,2,68.443
cuckoo1,sequential,4194304,hit,3,73.716
cuckoo1,sequential,4194304,miss,3,64.178
cuckoo1,sequential,4194304,hit,4,76.706
cuckoo1,sequential,4194304,miss,4,63.076
cuckoo1,sequential,4194304,hit,5,74.949
cuckoo1,sequential,4194304,miss,5,60.031
cuckoo1,sequential,4194304,hit,6,72.675
cuckoo1,sequential,4194304,miss,6,59.933
cuckoo1,sequential,8388608,hit,0,87.518
cuckoo1,sequential,8388608,miss,0,74.048
cuckoo1,sequential,8388608,hit,1,83.647
cuckoo1,sequential,8388608,miss,1,71.733
cuckoo1,sequential,8388608,hit,2,83.203
cuckoo1,sequential,8388608,miss,2,70.957
cuckoo1,sequential,8388608,hit,3,86.105
cuckoo1,sequential,8388608,miss,3,73.481
cuckoo1,sequential,8388608,hit,4,84.245
cuckoo1,sequential,8388608,miss,4,71.989
cuckoo1,sequential,8388608,hit,5,82.751
cuckoo1,sequential,8388608,miss,5,70.141
cuckoo1,sequential,8388608,hit,6,80.809
cuckoo1,sequential,8388608,miss,6,68.396
cuckoo4,sequential,1024,hit,0,6.615
cuckoo4,sequential,1024,miss,0,9.899
cuckoo4,sequential,1024,hit,1,6.590
cuckoo4,sequential,1024,miss,1,9.972
cuckoo4,sequential,1024,hit,2,6.413
cuckoo4,sequential,1024,miss,2,9.552
cuckoo4,sequential,1024,hit,3,6.549
cuckoo4,sequential,1024,miss,3,9.639
cuckoo4,sequential,1024,hit,4,6.365
cuckoo4,sequential,1024,miss,4,9.561
cuckoo4,sequential,1024,hit,5,6.402
cuckoo4,sequential,1024,miss,5,9.338
cuckoo4,sequential,1024,hit,6,6.374
cuckoo4,sequential,1024,miss,6,9.707
cuckoo4,sequential,4096,hit,0,13.904
cuckoo4,sequential,4096,miss,0,15.061
cuckoo4,sequential,4096,hit,1,13.864
cuckoo4,sequential,4096,miss,1,15.185
cuckoo4,sequential,4096,hit,2,13.527
cuckoo4,sequential,4096,miss,2,15.220
cuckoo4,sequential,4096,hit,3,13.399
cuckoo4,sequential,4096,miss,3,14.545
cuckoo4,sequential,4096,hit,4,13.235
cuckoo4,sequential,4096,miss,4,14.468
cuckoo4,sequential,4096,hit,5,13.089
cuckoo4,sequential,4096,miss,5,15.230
cuckoo4,sequential,4096,hit,6,13.496
cuckoo4,sequential,4096,miss,6,15.230
cuckoo4,sequential,16384,hit,0,23.638
cuckoo4,sequential,16384,miss,0,29.716
cuckoo4,sequential,16384,hit,1,23.819
cuckoo4,sequential,16384,miss,1,30.262
cuckoo4,sequential,16384,hit,2,23.463
cuckoo4,sequential,16384,miss,2,29.905
cuckoo4,sequential,16384,hit,3,23.073
cuckoo4,sequential,16384,miss,3,30.242
cuckoo4,sequential,16384,hit,4,27.072
cuckoo4,sequential,16384,miss,4,32.498
cuckoo4,sequential,16384,hit,5,24.473
cuckoo4,sequential,16384,miss,5,30.834
cuckoo4,sequential,16384,hit,6,24.136
cuckoo4,sequential,16384,miss,6,30.078
cuckoo4,sequential,65536,hit,0,27.451
cuckoo4,sequential,65536,miss,0,34.719
cuckoo4,sequential,65536,hit,1,27.733
cuckoo4,sequential,65536,miss,1,34.934
cuckoo4,sequential,65536,hit,2,27.079
cuckoo4,sequential,65536,miss,2,34.639
cuckoo4,sequential,65536,hit,3,25.705
cuckoo4,sequential,65536,miss,3,34.120
cuckoo4,sequential,65536,hit,4,27.271
cuckoo4,sequential,65536,miss,4,34.486
cuckoo4,sequential,65536,hit,5,27.768
cuckoo4,sequential,65536,miss,5,35.247
cuckoo4,sequential,65536,hit,6,27.262
cuckoo4,sequential,65536,miss,6,34.947
cuckoo4,sequential,262144,hit,0,36.932
cuckoo4,sequential,262144,miss,0,43.161
cuckoo4,sequential,262144,hit,1,37.156
cuckoo4,sequential,262144,miss,1,43.298
cuckoo4,sequential,262144,hit,2,35.925
cuckoo4,sequential,262144,miss,2,44.735
cuckoo4,sequential,262144,hit,3,38.111
cuckoo4,sequential,262144,miss,3,44.448
cuckoo4,sequential,262144,hit,4,37.707
cuckoo4,sequential,262144,miss,4,44.481
cuckoo4,sequential,262144,hit,5,37.791
cuckoo4,sequential,262144,miss,5,43.320
cuckoo4,sequential,262144,hit,6,37.052
cuckoo4,sequential,262144,miss,6,43.501
cuckoo4,sequential,1048576,hit,0,49.188
cuckoo4,sequential,1048576,miss,0,55.174
cuckoo4,sequential,1048576,hit,1,52.245
cuckoo4,sequential,1048576,miss,1,56.476
cuckoo4,sequential,1048576,hit,2,51.463
cuckoo4,sequential,1048576,miss,2,54.601
cuckoo4,sequential,1048576,hit,3,51.527
cuckoo4,sequential,1048576,miss,3,55.948
cuckoo4,sequential,1048576,hit,4,52.457
cuckoo4,sequential,1048576,miss,4,54.391
cuckoo4,sequential,1048576,hit,5,51.947
cuckoo4,sequential,1048576,miss,5,54.096
cuckoo4,sequential,1048576,hit,6,51.591
cuckoo4,sequential,1048576,miss,6,54.859
cuckoo4,sequential,4194304,hit,0,64.731
cuckoo4,sequential,4194304,miss,0,61.253
cuckoo4,sequential,4194304,hit,1,66.079
cuckoo4,sequential,4194304,miss,1,66.721
cuckoo4,sequential,4194304,hit,2,67.482
cuckoo4,sequential,4194304,miss,2,64.553
cuckoo4,sequential,4194304,hit,3,65.359
cuckoo4,sequential,4194304,miss,3,62.509
cuckoo4,sequential,4194304,hit,4,64.551
cuckoo4,sequential,4194304,miss,4,60.041
cuckoo4,sequential,4194304,hit,5,64.666
cuckoo4,sequential,4194304,miss,5,59.022
cuckoo4,sequential,4194304,hit,6,61.145
cuckoo4,sequential,4194304,miss,6,59.731
cuckoo4,sequential,8388608,hit,0,83.831
cuckoo4,sequential,8388608,miss,0,81.746
cuckoo4,sequential,8388608,hit,1,79.887
cuckoo4,sequential,8388608,miss,1,85.278
cuckoo4,sequential,8388608,hit,2,80.201
cuckoo4,sequential,8388608,miss,2,87.393
cuckoo4,sequential,8388608,hit,3,75.949
cuckoo4,sequential,8388608,miss,3,82.673
cuckoo4,sequential,8388608,hit,4,75.599
cuckoo4,sequential,8388608,miss,4,83.695
cuckoo4,sequential,8388608,hit,5,76.004
cuckoo4,sequential,8388608,miss,5,80.927
cuckoo4,sequential,8388608,hit,6,76.317
cuckoo4,sequential,8388608,miss,6,82.188
