impl,n,bytes_per_entry,kicks,rehashes,growths,capacity,load
hashmap,50000,42.51,,,,,
hashmap,55945,41.37,,,,,
hashmap,62598,40.39,,,,,
hashmap,70042,39.49,,,,,
hashmap,78371,38.69,,,,,
hashmap,87691,37.98,,,,,
hashmap,98118,37.34,,,,,
hashmap,109786,41.55,,,,,
hashmap,122842,40.54,,,,,
hashmap,137449,39.63,,,,,
hashmap,153794,38.82,,,,,
hashmap,172083,38.09,,,,,
hashmap,192546,37.45,,,,,
hashmap,215443,41.73,,,,,
hashmap,241062,40.70,,,,,
hashmap,269729,39.78,,,,,
hashmap,301803,38.95,,,,,
hashmap,337692,38.21,,,,,
hashmap,377849,37.55,,,,,
hashmap,422781,41.92,,,,,
hashmap,473057,40.87,,,,,
hashmap,529310,39.92,,,,,
hashmap,592253,39.08,,,,,
hashmap,662681,38.33,,,,,
hashmap,741484,37.66,,,,,
hashmap,829658,42.11,,,,,
hashmap,928317,41.04,,,,,
hashmap,1038708,40.08,,,,,
hashmap,1162227,39.22,,,,,
hashmap,1300433,38.45,,,,,
hashmap,1455074,37.77,,,,,
hashmap,1628105,42.30,,,,,
hashmap,1821712,41.21,,,,,
hashmap,2038341,40.23,,,,,
hashmap,2280731,39.36,,,,,
hashmap,2551944,38.57,,,,,
hashmap,2855409,37.88,,,,,
hashmap,3194961,42.50,,,,,
hashmap,3574891,41.39,,,,,
hashmap,4000000,40.39,,,,,
cuckoo1,50000,31.57,12166,0,11,131072,0.3815
cuckoo1,55945,28.12,14954,0,11,131072,0.4268
cuckoo1,62598,50.27,18055,0,12,262144,0.2388
cuckoo1,70042,44.92,18672,0,12,262144,0.2672
cuckoo1,78371,40.14,19543,0,12,262144,0.2990
cuckoo1,87691,35.88,21278,0,12,262144,0.3345
cuckoo1,98118,32.06,23860,0,12,262144,0.3743
cuckoo1,109786,28.66,28714,0,12,262144,0.4188
cuckoo1,122842,51.22,35527,0,13,524288,0.2343
cuckoo1,137449,45.78,36700,0,13,524288,0.2622
cuckoo1,153794,40.91,38414,0,13,524288,0.2933
cuckoo1,172083,36.56,41371,0,13,524288,0.3282
cuckoo1,192546,32.68,46008,0,13,524288,0.3673
cuckoo1,215443,29.20,54141,0,13,524288,0.4109
cuckoo1,241062,52.20,69301,0,14,1048576,0.2299
cuckoo1,269729,46.65,71284,0,14,1048576,0.2572
cuckoo1,301803,41.69,74780,0,14,1048576,0.2878
cuckoo1,337692,37.26,80400,0,14,1048576,0.3220
cuckoo1,377849,33.30,89330,0,14,1048576,0.3603
cuckoo1,422781,29.76,104743,0,14,1048576,0.4032
cuckoo1,473057,53.20,139819,0,15,2097152,0.2256
cuckoo1,529310,47.55,143661,0,15,2097152,0.2524
cuckoo1,592253,42.49,149825,0,15,2097152,0.2824
cuckoo1,662681,37.98,159666,0,15,2097152,0.3160
cuckoo1,741484,33.94,175989,0,15,2097152,0.3536
cuckoo1,829658,30.33,203751,0,15,2097152,0.3956
cuckoo1,928317,27.11,255156,0,15,2097152,0.4427
cuckoo1,1038708,48.46,286153,0,16,4194304,0.2476
cuckoo1,1162227,43.31,297517,0,16,4194304,0.2771
cuckoo1,1300433,38.70,315543,0,16,4194304,0.3100
cuckoo1,1455074,34.59,344642,0,16,4194304,0.3469
cuckoo1,1628105,30.91,394428,0,16,4194304,0.3882
cuckoo1,1821712,27.63,482716,0,16,4194304,0.4343
cuckoo1,2038341,49.39,563557,0,17,8388608,0.2430
cuckoo1,2280731,44.14,584107,0,17,8388608,0.2719
cuckoo1,2551944,39.45,617315,0,17,8388608,0.3042
cuckoo1,2855409,35.25,671173,0,17,8388608,0.3404
cuckoo1,3194961,31.51,762251,0,17,8388608,0.3809
cuckoo1,3574891,28.16,924430,0,17,8388608,0.4262
cuckoo1,4000000,50.33,1120089,0,18,16777216,0.2384
cuckoo4,50000,15.84,18471,0,11,65536,0.7629
cuckoo4,55945,14.06,24148,0,11,65536,0.8537
cuckoo4,62598,25.15,32514,0,12,131072,0.4776
cuckoo4,70042,22.46,32590,0,12,131072,0.5344
cuckoo4,78371,20.07,32828,0,12,131072,0.5979
cuckoo4,87691,17.94,33715,0,12,131072,0.6690
cuckoo4,98118,16.03,36348,0,12,131072,0.7486
cuckoo4,109786,14.33,45531,0,12,131072,0.8376
cuckoo4,122842,25.61,65040,0,13,262144,0.4686
cuckoo4,137449,22.89,65145,0,13,262144,0.5243
cuckoo4,153794,20.46,65589,0,13,262144,0.5867
cuckoo4,172083,18.28,66818,0,13,262144,0.6564
cuckoo4,192546,16.34,70900,0,13,262144,0.7345
cuckoo4,215443,14.60,85470,0,13,262144,0.8218
cuckoo4,241062,26.10,129220,0,14,524288,0.4598
cuckoo4,269729,23.33,129385,0,14,524288,0.5145
cuckoo4,301803,20.85,129956,0,14,524288,0.5756
cuckoo4,337692,18.63,132091,0,14,524288,0.6441
cuckoo4,377849,16.65,139165,0,14,524288,0.7207
cuckoo4,422781,14.88,162329,0,14,524288,0.8064
cuckoo4,473057,26.60,258362,0,15,1048576,0.4511
cuckoo4,529310,23.77,258615,0,15,1048576,0.5048
cuckoo4,592253,21.25,259680,0,15,1048576,0.5648
cuckoo4,662681,18.99,263153,0,15,1048576,0.6320
cuckoo4,741484,16.97,274495,0,15,1048576,0.7071
cuckoo4,829658,15.17,311603,0,15,1048576,0.7912
cuckoo4,928317,13.55,458859,0,15,1048576,0.8853
cuckoo4,1038708,24.23,513100,0,16,2097152,0.4953
cuckoo4,1162227,21.65,514807,0,16,2097152,0.5542
cuckoo4,1300433,19.35,520591,0,16,2097152,0.6201
cuckoo4,1455074,17.30,539062,0,16,2097152,0.6938
cuckoo4,1628105,15.46,600154,0,16,2097152,0.7763
cuckoo4,1821712,13.81,825834,0,16,2097152,0.8687
cuckoo4,2038341,24.69,1024723,0,17,4194304,0.4860
cuckoo4,2280731,22.07,1027273,0,17,4194304,0.5438
cuckoo4,2551944,19.72,1036520,0,17,4194304,0.6084
cuckoo4,2855409,17.63,1067481,0,17,4194304,0.6808
cuckoo4,3194961,15.75,1166194,0,17,4194304,0.7617
cuckoo4,3574891,14.08,1518065,0,17,4194304,0.8523
cuckoo4,4000000,25.17,2043598,0,18,8388608,0.4768
