stash,slots,load,trials,failures,failure_rate
0,128,0.40,1562500,26913,1.722e-02
0,256,0.40,781250,11347,1.452e-02
0,512,0.40,390625,4280,1.096e-02
0,1024,0.40,195312,1449,7.419e-03
0,2048,0.40,97656,455,4.659e-03
0,4096,0.40,48828,120,2.458e-03
0,8192,0.40,24414,33,1.352e-03
1,128,0.40,1562500,1799,1.151e-03
1,256,0.40,781250,764,9.779e-04
1,512,0.40,390625,245,6.272e-04
1,1024,0.40,195312,59,3.021e-04
1,2048,0.40,97656,11,1.126e-04
1,4096,0.40,48828,3,6.144e-05
1,8192,0.40,24414,0,0.000e+00
2,128,0.40,1562500,111,7.104e-05
2,256,0.40,781250,57,7.296e-05
2,512,0.40,390625,24,6.144e-05
2,1024,0.40,195312,2,1.024e-05
2,2048,0.40,97656,3,3.072e-05
2,4096,0.40,48828,0,0.000e+00
2,8192,0.40,24414,0,0.000e+00
3,128,0.40,1562500,7,4.480e-06
3,256,0.40,781250,3,3.840e-06
3,512,0.40,390625,0,0.000e+00
3,1024,0.40,195312,0,0.000e+00
3,2048,0.40,97656,0,0.000e+00
3,4096,0.40,48828,1,2.048e-05
3,8192,0.40,24414,0,0.000e+00
